num_peptides,max_peptides_per_pool,num_replicates,allow_extra_pools,precision,recall,f1,num_pools,num_violations
200,13,6,False,1.000,1.000,1.000,96,594
200,14,6,False,1.000,1.000,1.000,90,1016
200,15,6,False,1.000,1.000,1.000,84,1346
200,16,6,False,1.000,1.000,1.000,78,1948
200,16,7,False,1.000,1.000,1.000,91,2862
200,17,6,False,1.000,1.000,1.000,72,2456
200,17,7,False,1.000,1.000,1.000,84,3792
200,17,8,False,1.000,1.000,1.000,96,5034
200,18,6,False,1.000,1.000,1.000,72,2520
200,18,7,False,1.000,1.000,1.000,84,3618
200,18,8,False,1.000,1.000,1.000,96,5140
200,19,6,False,1.000,1.000,1.000,66,3482
200,19,7,False,1.000,1.000,1.000,77,4906
200,19,8,False,1.000,1.000,1.000,88,6366
200,20,6,False,1.000,1.000,1.000,60,4186
200,20,7,False,1.000,1.000,1.000,70,5884
200,20,8,False,1.000,1.000,1.000,80,7890
200,20,9,False,1.000,1.000,1.000,90,9858
200,21,6,False,1.000,1.000,1.000,60,4274
200,21,7,False,1.000,1.000,1.000,70,5828
200,21,8,False,1.000,1.000,1.000,80,7768
200,21,9,False,1.000,1.000,1.000,90,9744
200,22,6,False,1.000,1.000,1.000,60,4332
200,22,7,False,1.000,1.000,1.000,70,5890
200,22,8,False,1.000,1.000,1.000,80,7932
200,22,9,False,1.000,1.000,1.000,90,9942
200,23,6,False,1.000,1.000,1.000,54,5624
200,23,7,False,1.000,1.000,1.000,63,7684
200,23,8,False,1.000,1.000,1.000,72,10074
200,23,9,False,1.000,1.000,1.000,81,12462
200,23,10,False,1.000,1.000,1.000,90,15274
200,24,6,False,1.000,1.000,1.000,54,5698
200,24,7,False,1.000,1.000,1.000,63,7640
200,24,8,False,1.000,1.000,1.000,72,10062
200,24,9,False,1.000,1.000,1.000,81,12520
200,24,10,False,1.000,1.000,1.000,90,15292
200,25,6,False,0.996,1.000,0.998,48,7138
200,25,7,False,1.000,1.000,1.000,56,9704
200,25,8,False,1.000,1.000,1.000,64,12446
200,25,9,False,1.000,1.000,1.000,72,15532
200,25,10,False,1.000,1.000,1.000,80,18858
200,26,6,False,1.000,1.000,1.000,48,7170
200,26,7,False,1.000,1.000,1.000,56,9774
200,26,8,False,1.000,1.000,1.000,64,12496
200,26,9,False,1.000,1.000,1.000,72,15564
200,26,10,False,1.000,1.000,1.000,80,18788
200,27,6,False,0.996,1.000,0.998,48,7202
200,27,7,False,0.996,1.000,0.998,56,9676
200,27,8,False,1.000,1.000,1.000,64,12478
200,27,9,False,1.000,1.000,1.000,72,15296
200,27,10,False,1.000,1.000,1.000,80,18816
200,28,6,False,1.000,1.000,1.000,48,7082
200,28,7,False,1.000,1.000,1.000,56,9572
200,28,8,False,1.000,1.000,1.000,64,12534
200,28,9,False,1.000,1.000,1.000,72,15606
200,28,10,False,1.000,1.000,1.000,80,18794
200,29,6,False,0.915,0.955,0.931,42,9438
200,29,7,False,1.000,1.000,1.000,49,12594
200,29,8,False,1.000,1.000,1.000,56,16342
200,29,9,False,1.000,1.000,1.000,63,19996
200,29,10,False,1.000,1.000,1.000,70,24186
200,30,6,False,0.953,0.964,0.958,42,9256
200,30,7,False,1.000,1.000,1.000,49,12632
200,30,8,False,1.000,1.000,1.000,56,16342
200,30,9,False,1.000,1.000,1.000,63,20140
200,30,10,False,1.000,1.000,1.000,70,24038
200,31,6,False,0.951,0.984,0.964,42,9346
200,31,7,False,1.000,1.000,1.000,49,12508
200,31,8,False,1.000,1.000,1.000,56,16114
200,31,9,False,1.000,1.000,1.000,63,20084
200,31,10,False,1.000,1.000,1.000,70,24082
200,32,6,False,0.955,0.976,0.964,42,9540
200,32,7,False,1.000,1.000,1.000,49,12616
200,32,8,False,1.000,1.000,1.000,56,16094
200,32,9,False,1.000,1.000,1.000,63,19938
200,32,10,False,1.000,1.000,1.000,70,24124
200,33,6,False,0.943,0.971,0.954,42,9396
200,33,7,False,0.996,1.000,0.998,49,12618
200,33,8,False,1.000,1.000,1.000,56,16150
200,33,9,False,1.000,1.000,1.000,63,19984
200,33,10,False,1.000,1.000,1.000,70,24058
200,34,6,False,0.829,0.911,0.861,36,12700
200,34,7,False,1.000,1.000,1.000,42,17012
200,34,8,False,0.986,1.000,0.993,48,21430
200,34,9,False,1.000,1.000,1.000,54,26294
200,34,10,False,1.000,1.000,1.000,60,31626
200,35,6,False,0.787,0.892,0.826,36,12574
200,35,7,False,0.954,0.976,0.962,42,17006
200,35,8,False,1.000,1.000,1.000,48,21498
200,35,9,False,1.000,1.000,1.000,54,26266
200,35,10,False,1.000,1.000,1.000,60,31620
200,36,6,False,0.807,0.903,0.843,36,12728
200,36,7,False,0.969,0.972,0.970,42,16790
200,36,8,False,1.000,1.000,1.000,48,21530
200,36,9,False,1.000,1.000,1.000,54,26396
200,36,10,False,1.000,1.000,1.000,60,31546
200,37,6,False,0.848,0.910,0.873,36,12684
200,37,7,False,0.900,0.949,0.919,42,17082
200,37,8,False,1.000,1.000,1.000,48,21548
200,37,9,False,1.000,1.000,1.000,54,26386
200,37,10,False,1.000,1.000,1.000,60,31518
200,38,6,False,0.872,0.923,0.893,36,12542
200,38,7,False,0.980,1.000,0.989,42,16964
200,38,8,False,1.000,1.000,1.000,48,21546
200,38,9,False,1.000,1.000,1.000,54,26490
200,38,10,False,1.000,1.000,1.000,60,31700
200,39,6,False,0.853,0.903,0.871,36,12708
200,39,7,False,0.973,0.980,0.975,42,16904
200,39,8,False,0.993,1.000,0.996,48,21520
200,39,9,False,1.000,1.000,1.000,54,26422
200,39,10,False,1.000,1.000,1.000,60,31572
400,25,6,False,1.000,1.000,1.000,96,6198
400,26,6,False,1.000,1.000,1.000,96,6134
400,27,6,False,0.998,1.000,0.999,90,7786
400,28,6,False,1.000,1.000,1.000,90,7666
400,29,6,False,0.998,1.000,0.999,84,9258
400,30,6,False,0.989,1.000,0.994,84,9202
400,31,6,False,0.982,0.994,0.987,78,11094
400,31,7,False,0.995,1.000,0.997,91,15276
400,32,6,False,0.980,0.998,0.987,78,11042
400,32,7,False,1.000,1.000,1.000,91,15256
400,33,6,False,0.976,0.994,0.984,78,11198
400,33,7,False,1.000,1.000,1.000,91,15236
400,34,6,False,0.906,0.959,0.928,72,13474
400,34,7,False,1.000,1.000,1.000,84,18258
400,34,8,False,1.000,1.000,1.000,96,24186
400,35,6,False,0.928,0.974,0.946,72,13624
400,35,7,False,0.995,1.000,0.997,84,18462
400,35,8,False,1.000,1.000,1.000,96,24130
400,36,6,False,0.926,0.966,0.942,72,13362
400,36,7,False,0.990,1.000,0.994,84,18354
400,36,8,False,1.000,1.000,1.000,96,24158
400,37,6,False,0.863,0.931,0.890,66,16190
400,37,7,False,0.966,0.986,0.974,77,22190
400,37,8,False,1.000,1.000,1.000,88,28800
400,38,6,False,0.863,0.907,0.881,66,16128
400,38,7,False,0.973,0.996,0.983,77,22210
400,38,8,False,1.000,1.000,1.000,88,28494
400,39,6,False,0.825,0.914,0.861,66,16406
400,39,7,False,0.973,0.992,0.981,77,22088
400,39,8,False,1.000,1.000,1.000,88,28630
400,40,6,False,0.769,0.834,0.795,60,19576
400,40,7,False,0.919,0.960,0.935,70,26540
400,40,8,False,0.976,0.994,0.983,80,34400
400,40,9,False,0.998,1.000,0.999,90,43318
400,41,6,False,0.780,0.867,0.813,60,19544
400,41,7,False,0.910,0.956,0.928,70,26712
400,41,8,False,0.975,0.990,0.982,80,34642
400,41,9,False,1.000,1.000,1.000,90,43130
400,42,6,False,0.745,0.833,0.780,60,19622
400,42,7,False,0.898,0.946,0.917,70,26786
400,42,8,False,0.990,1.000,0.995,80,34506
400,42,9,False,0.982,0.994,0.987,90,43316
400,43,6,False,0.782,0.883,0.821,60,19488
400,43,7,False,0.884,0.936,0.905,70,26616
400,43,8,False,0.970,0.992,0.979,80,34698
400,43,9,False,0.994,1.000,0.997,90,43370
400,44,6,False,0.816,0.897,0.848,60,19542
400,44,7,False,0.919,0.962,0.937,70,26642
400,44,8,False,0.993,1.000,0.996,80,34466
400,44,9,False,0.992,1.000,0.996,90,43284
400,45,6,False,0.669,0.776,0.711,54,24374
400,45,7,False,0.896,0.934,0.912,63,32954
400,45,8,False,0.913,0.954,0.930,72,42210
400,45,9,False,0.998,1.000,0.999,81,52934
400,45,10,False,1.000,1.000,1.000,90,64016
400,46,6,False,0.693,0.793,0.732,54,24384
400,46,7,False,0.811,0.879,0.837,63,32804
400,46,8,False,0.924,0.950,0.935,72,42504
400,46,9,False,0.979,0.988,0.982,81,52596
400,46,10,False,0.998,1.000,0.999,90,63834
400,47,6,False,0.729,0.825,0.767,54,24274
400,47,7,False,0.875,0.935,0.899,63,33076
400,47,8,False,0.917,0.964,0.936,72,42646
400,47,9,False,0.989,1.000,0.994,81,52872
400,47,10,False,0.991,1.000,0.995,90,64296
400,48,6,False,0.764,0.847,0.796,54,24324
400,48,7,False,0.834,0.913,0.866,63,32878
400,48,8,False,0.888,0.951,0.914,72,42518
400,48,9,False,0.990,1.000,0.995,81,52614
400,48,10,False,0.995,1.000,0.997,90,64194
400,49,6,False,0.711,0.801,0.744,54,24176
400,49,7,False,0.821,0.895,0.850,63,32942
400,49,8,False,0.946,0.974,0.958,72,42560
400,49,9,False,0.966,0.988,0.975,81,52836
400,49,10,False,1.000,1.000,1.000,90,64226
400,50,6,False,0.602,0.685,0.634,48,30524
400,50,7,False,0.735,0.809,0.765,56,40914
400,50,8,False,0.763,0.845,0.795,64,52758
400,50,9,False,0.888,0.945,0.912,72,65260
400,50,10,False,0.981,0.994,0.986,80,79002
400,51,6,False,0.582,0.705,0.628,48,30514
400,51,7,False,0.757,0.838,0.789,56,40990
400,51,8,False,0.832,0.911,0.864,64,52754
400,51,9,False,0.907,0.953,0.924,72,65476
400,51,10,False,0.982,0.990,0.986,80,79246
400,52,6,False,0.601,0.735,0.653,48,30448
400,52,7,False,0.707,0.807,0.747,56,41110
400,52,8,False,0.869,0.934,0.895,64,52824
400,52,9,False,0.906,0.938,0.918,72,65302
400,52,10,False,0.992,1.000,0.996,80,79028
400,53,6,False,0.632,0.776,0.687,48,30286
400,53,7,False,0.727,0.831,0.768,56,41138
400,53,8,False,0.858,0.924,0.885,64,53012
400,53,9,False,0.914,0.958,0.931,72,65242
400,53,10,False,0.954,0.974,0.962,80,78904
400,54,6,False,0.659,0.750,0.694,48,30552
400,54,7,False,0.711,0.795,0.744,56,41242
400,54,8,False,0.864,0.921,0.887,64,52842
400,54,9,False,0.894,0.954,0.917,72,65540
400,54,10,False,0.973,0.978,0.975,80,79020
400,55,6,False,0.585,0.676,0.619,48,30232
400,55,7,False,0.720,0.794,0.750,56,41014
400,55,8,False,0.839,0.901,0.864,64,52454
400,55,9,False,0.882,0.936,0.904,72,65452
400,55,10,False,0.960,0.990,0.971,80,78966
400,56,6,False,0.573,0.693,0.617,48,30470
400,56,7,False,0.780,0.869,0.817,56,40960
400,56,8,False,0.839,0.911,0.868,64,52822
400,56,9,False,0.889,0.953,0.915,72,65714
400,56,10,False,0.979,0.996,0.986,80,79092
400,57,6,False,0.651,0.789,0.704,48,30428
400,57,7,False,0.725,0.799,0.754,56,41042
400,57,8,False,0.826,0.901,0.855,64,52680
400,57,9,False,0.883,0.938,0.905,72,65524
400,57,10,False,0.974,0.986,0.979,80,79196
400,58,6,False,0.552,0.638,0.585,42,39254
400,58,7,False,0.627,0.730,0.668,49,52594
400,58,8,False,0.761,0.841,0.793,56,67406
400,58,9,False,0.800,0.876,0.831,63,83264
400,58,10,False,0.826,0.917,0.861,70,99740
400,59,6,False,0.523,0.620,0.561,42,39270
400,59,7,False,0.636,0.731,0.673,49,52554
400,59,8,False,0.751,0.818,0.779,56,67446
400,59,9,False,0.809,0.877,0.836,63,83248
400,59,10,False,0.889,0.927,0.904,70,99886
400,60,6,False,0.541,0.670,0.591,42,39066
400,60,7,False,0.630,0.738,0.672,49,52754
400,60,8,False,0.759,0.839,0.790,56,67672
400,60,9,False,0.808,0.862,0.829,63,83250
400,60,10,False,0.890,0.940,0.911,70,100268
400,61,6,False,0.458,0.580,0.503,42,39156
400,61,7,False,0.648,0.757,0.691,49,52478
400,61,8,False,0.707,0.797,0.743,56,67304
400,61,9,False,0.776,0.848,0.805,63,83270
400,61,10,False,0.872,0.924,0.893,70,100076
400,62,6,False,0.509,0.612,0.547,42,39248
400,62,7,False,0.657,0.769,0.700,49,52894
400,62,8,False,0.724,0.823,0.764,56,67364
400,62,9,False,0.823,0.889,0.849,63,83064
400,62,10,False,0.885,0.914,0.897,70,100002
400,63,6,False,0.497,0.600,0.538,42,39366
400,63,7,False,0.653,0.737,0.686,49,52750
400,63,8,False,0.757,0.817,0.782,56,67164
400,63,9,False,0.854,0.918,0.879,63,82970
400,63,10,False,0.895,0.948,0.916,70,100022
400,64,6,False,0.508,0.612,0.546,42,39268
400,64,7,False,0.698,0.770,0.727,49,52682
400,64,8,False,0.749,0.825,0.779,56,67468
400,64,9,False,0.768,0.854,0.802,63,83260
400,64,10,False,0.893,0.961,0.921,70,100126
400,65,6,False,0.459,0.562,0.497,42,39200
400,65,7,False,0.661,0.737,0.690,49,52864
400,65,8,False,0.755,0.821,0.781,56,67434
400,65,9,False,0.789,0.859,0.816,63,83166
400,65,10,False,0.877,0.928,0.898,70,99898
400,66,6,False,0.454,0.579,0.502,42,39400
400,66,7,False,0.644,0.713,0.672,49,52644
400,66,8,False,0.743,0.796,0.764,56,67066
400,66,9,False,0.836,0.920,0.870,63,83194
400,66,10,False,0.874,0.948,0.904,70,100088
400,67,6,False,0.407,0.491,0.440,36,52132
400,67,7,False,0.540,0.587,0.558,42,69728
400,67,8,False,0.626,0.718,0.661,48,87978
400,67,9,False,0.784,0.839,0.806,54,108414
400,67,10,False,0.774,0.828,0.796,60,129450
400,68,6,False,0.441,0.560,0.487,36,52268
400,68,7,False,0.513,0.590,0.544,42,69686
400,68,8,False,0.580,0.687,0.620,48,88210
400,68,9,False,0.668,0.757,0.703,54,108340
400,68,10,False,0.732,0.815,0.765,60,129574
400,69,6,False,0.407,0.487,0.438,36,52194
400,69,7,False,0.517,0.579,0.541,42,69450
400,69,8,False,0.613,0.691,0.644,48,88142
400,69,9,False,0.690,0.773,0.723,54,108388
400,69,10,False,0.769,0.838,0.797,60,129320
400,70,6,False,0.397,0.479,0.428,36,51984
400,70,7,False,0.544,0.654,0.587,42,69272
400,70,8,False,0.645,0.718,0.674,48,88320
400,70,9,False,0.712,0.806,0.749,54,108138
400,70,10,False,0.734,0.826,0.770,60,129592
400,71,6,False,0.449,0.563,0.493,36,52238
400,71,7,False,0.557,0.628,0.586,42,69844
400,71,8,False,0.596,0.689,0.633,48,88124
400,71,9,False,0.683,0.796,0.727,54,108216
400,71,10,False,0.814,0.884,0.842,60,129160
400,72,6,False,0.396,0.463,0.422,36,52290
400,72,7,False,0.513,0.621,0.555,42,69274
400,72,8,False,0.580,0.652,0.610,48,88056
400,72,9,False,0.623,0.738,0.667,54,108376
400,72,10,False,0.824,0.865,0.841,60,129484
400,73,6,False,0.393,0.485,0.427,36,52122
400,73,7,False,0.515,0.621,0.555,42,69162
400,73,8,False,0.599,0.695,0.636,48,88176
400,73,9,False,0.649,0.736,0.684,54,108246
400,73,10,False,0.757,0.829,0.786,60,129310
400,74,6,False,0.404,0.499,0.441,36,52222
400,74,7,False,0.511,0.622,0.554,42,69322
400,74,8,False,0.607,0.693,0.641,48,88188
400,74,9,False,0.667,0.761,0.704,54,108390
400,74,10,False,0.764,0.860,0.802,60,129458
400,75,6,False,0.399,0.462,0.424,36,52178
400,75,7,False,0.517,0.616,0.553,42,69362
400,75,8,False,0.590,0.682,0.626,48,88406
400,75,9,False,0.702,0.800,0.740,54,108370
400,75,10,False,0.788,0.865,0.818,60,129466
400,76,6,False,0.420,0.528,0.459,36,52226
400,76,7,False,0.455,0.571,0.498,42,69460
400,76,8,False,0.671,0.765,0.708,48,88038
400,76,9,False,0.724,0.824,0.763,54,108078
400,76,10,False,0.746,0.810,0.772,60,129494
400,77,6,False,0.410,0.501,0.445,36,51982
400,77,7,False,0.553,0.655,0.593,42,69474
400,77,8,False,0.621,0.714,0.656,48,88160
400,77,9,False,0.756,0.832,0.788,54,108396
400,77,10,False,0.791,0.865,0.821,60,129544
400,78,6,False,0.425,0.513,0.458,36,52050
400,78,7,False,0.498,0.604,0.538,42,69614
400,78,8,False,0.607,0.681,0.636,48,88332
400,78,9,False,0.692,0.783,0.728,54,108416
400,78,10,False,0.793,0.847,0.815,60,129434
400,79,6,False,0.414,0.465,0.434,36,52120
400,79,7,False,0.536,0.651,0.579,42,69412
400,79,8,False,0.609,0.701,0.645,48,88330
400,79,9,False,0.746,0.792,0.765,54,108124
400,79,10,False,0.771,0.838,0.799,60,129310
600,38,6,False,0.903,0.956,0.925,96,16844
600,39,6,False,0.852,0.913,0.878,96,16766
600,40,6,False,0.809,0.875,0.835,90,19534
600,41,6,False,0.788,0.887,0.827,90,19640
600,42,6,False,0.823,0.899,0.854,90,19488
600,43,6,False,0.741,0.826,0.775,84,22964
600,44,6,False,0.741,0.847,0.783,84,22730
600,45,6,False,0.780,0.865,0.814,84,22530
600,46,6,False,0.780,0.874,0.817,84,22668
600,47,6,False,0.687,0.770,0.721,78,26992
600,47,7,False,0.831,0.902,0.859,91,36842
600,48,6,False,0.664,0.752,0.699,78,27080
600,48,7,False,0.824,0.900,0.854,91,36762
600,49,6,False,0.754,0.829,0.784,78,26994
600,49,7,False,0.832,0.902,0.861,91,36982
600,50,6,False,0.658,0.776,0.704,72,31412
600,50,7,False,0.824,0.907,0.858,84,43264
600,50,8,False,0.879,0.940,0.903,96,56202
600,51,6,False,0.640,0.723,0.673,72,31608
600,51,7,False,0.762,0.823,0.787,84,43286
600,51,8,False,0.925,0.965,0.942,96,55924
600,52,6,False,0.638,0.763,0.686,72,31458
600,52,7,False,0.787,0.869,0.820,84,43236
600,52,8,False,0.897,0.950,0.919,96,56198
600,53,6,False,0.644,0.741,0.682,72,31408
600,53,7,False,0.774,0.866,0.811,84,43118
600,53,8,False,0.906,0.939,0.920,96,56168
600,54,6,False,0.636,0.746,0.679,72,31294
600,54,7,False,0.795,0.869,0.824,84,43386
600,54,8,False,0.871,0.925,0.894,96,56618
600,55,6,False,0.613,0.713,0.652,66,37922
600,55,7,False,0.684,0.802,0.730,77,51090
600,55,8,False,0.800,0.876,0.831,88,66530
600,56,6,False,0.586,0.709,0.632,66,37414
600,56,7,False,0.629,0.734,0.670,77,51174
600,56,8,False,0.809,0.892,0.842,88,66750
600,57,6,False,0.630,0.721,0.666,66,37560
600,57,7,False,0.680,0.769,0.715,77,51034
600,57,8,False,0.770,0.864,0.807,88,67260
600,58,6,False,0.585,0.690,0.626,66,37932
600,58,7,False,0.708,0.785,0.739,77,51236
600,58,8,False,0.789,0.860,0.817,88,66750
600,59,6,False,0.631,0.720,0.666,66,37518
600,59,7,False,0.683,0.786,0.724,77,51136
600,59,8,False,0.769,0.841,0.798,88,66924
600,60,6,False,0.525,0.616,0.559,60,45456
600,60,7,False,0.605,0.719,0.648,70,61698
600,60,8,False,0.680,0.784,0.720,80,80154
600,60,9,False,0.791,0.865,0.820,90,99456
600,61,6,False,0.542,0.633,0.577,60,45274
600,61,7,False,0.616,0.716,0.656,70,61834
600,61,8,False,0.732,0.832,0.771,80,79822
600,61,9,False,0.803,0.901,0.843,90,99470
600,62,6,False,0.556,0.646,0.591,60,45538
600,62,7,False,0.639,0.722,0.672,70,61954
600,62,8,False,0.752,0.815,0.778,80,80088
600,62,9,False,0.842,0.886,0.860,90,99496
600,63,6,False,0.458,0.556,0.496,60,45388
600,63,7,False,0.619,0.737,0.666,70,61830
600,63,8,False,0.724,0.801,0.754,80,79636
600,63,9,False,0.797,0.868,0.825,90,99646
600,64,6,False,0.534,0.629,0.571,60,45268
600,64,7,False,0.611,0.695,0.644,70,61490
600,64,8,False,0.744,0.818,0.774,80,79708
600,64,9,False,0.791,0.873,0.824,90,99704
600,65,6,False,0.546,0.644,0.583,60,45306
600,65,7,False,0.655,0.738,0.688,70,61598
600,65,8,False,0.742,0.832,0.778,80,79746
600,65,9,False,0.804,0.891,0.837,90,99792
600,66,6,False,0.526,0.629,0.567,60,45502
600,66,7,False,0.645,0.743,0.683,70,61716
600,66,8,False,0.736,0.804,0.764,80,80032
600,66,9,False,0.797,0.868,0.825,90,99522
600,67,6,False,0.420,0.525,0.460,54,55690
600,67,7,False,0.586,0.678,0.623,63,75434
600,67,8,False,0.638,0.720,0.671,72,97502
600,67,9,False,0.779,0.828,0.800,81,121394
600,67,10,False,0.858,0.926,0.885,90,146478
600,68,6,False,0.422,0.525,0.461,54,56054
600,68,7,False,0.562,0.667,0.602,63,75228
600,68,8,False,0.660,0.724,0.686,72,97602
600,68,9,False,0.757,0.828,0.785,81,120864
600,68,10,False,0.820,0.869,0.840,90,146216
600,69,6,False,0.426,0.497,0.455,54,55754
600,69,7,False,0.549,0.639,0.586,63,75362
600,69,8,False,0.671,0.761,0.706,72,97520
600,69,9,False,0.752,0.835,0.786,81,120958
600,69,10,False,0.792,0.872,0.823,90,146554
600,70,6,False,0.442,0.557,0.485,54,55444
600,70,7,False,0.568,0.634,0.594,63,75448
600,70,8,False,0.651,0.735,0.684,72,97124
600,70,9,False,0.766,0.859,0.803,81,121082
600,70,10,False,0.778,0.862,0.811,90,146778
600,71,6,False,0.459,0.551,0.496,54,55610
600,71,7,False,0.600,0.672,0.627,63,75776
600,71,8,False,0.602,0.688,0.636,72,96958
600,71,9,False,0.769,0.849,0.802,81,121230
600,71,10,False,0.772,0.855,0.804,90,146340
600,72,6,False,0.478,0.590,0.521,54,55596
600,72,7,False,0.603,0.711,0.645,63,75226
600,72,8,False,0.672,0.772,0.712,72,97346
600,72,9,False,0.711,0.791,0.744,81,120964
600,72,10,False,0.798,0.876,0.829,90,146708
600,73,6,False,0.442,0.519,0.472,54,55550
600,73,7,False,0.564,0.647,0.596,63,75550
600,73,8,False,0.711,0.782,0.740,72,97100
600,73,9,False,0.682,0.769,0.717,81,120998
600,73,10,False,0.786,0.874,0.822,90,146434
600,74,6,False,0.472,0.543,0.500,54,55596
600,74,7,False,0.550,0.640,0.586,63,75040
600,74,8,False,0.641,0.728,0.675,72,97188
600,74,9,False,0.733,0.800,0.761,81,121242
600,74,10,False,0.809,0.889,0.841,90,146204
600,75,6,False,0.409,0.492,0.440,48,69550
600,75,7,False,0.459,0.540,0.491,56,93970
600,75,8,False,0.598,0.681,0.631,64,120764
600,75,9,False,0.623,0.705,0.656,72,149310
600,75,10,False,0.766,0.846,0.800,80,179914
600,76,6,False,0.380,0.458,0.410,48,69716
600,76,7,False,0.451,0.546,0.486,56,94002
600,76,8,False,0.541,0.631,0.575,64,120826
600,76,9,False,0.639,0.721,0.672,72,149512
600,76,10,False,0.727,0.808,0.760,80,180280
600,77,6,False,0.383,0.456,0.411,48,69730
600,77,7,False,0.491,0.553,0.516,56,93742
600,77,8,False,0.579,0.657,0.610,64,120338
600,77,9,False,0.646,0.747,0.686,72,149324
600,77,10,False,0.719,0.767,0.739,80,180586
600,78,6,False,0.375,0.450,0.403,48,69284
600,78,7,False,0.496,0.577,0.528,56,93470
600,78,8,False,0.600,0.676,0.630,64,120606
600,78,9,False,0.636,0.727,0.673,72,149214
600,78,10,False,0.706,0.785,0.737,80,180734
600,79,6,False,0.401,0.476,0.430,48,69834
600,79,7,False,0.446,0.556,0.488,56,93780
600,79,8,False,0.561,0.625,0.588,64,120612
600,79,9,False,0.637,0.719,0.671,72,149742
600,79,10,False,0.699,0.801,0.740,80,179570
600,80,6,False,0.403,0.485,0.435,48,69770
600,80,7,False,0.497,0.569,0.526,56,94380
600,80,8,False,0.567,0.648,0.599,64,120352
600,80,9,False,0.615,0.706,0.651,72,149520
600,80,10,False,0.697,0.793,0.735,80,180268
600,81,6,False,0.397,0.469,0.425,48,69624
600,81,7,False,0.500,0.643,0.552,56,94206
600,81,8,False,0.544,0.626,0.577,64,120508
600,81,9,False,0.660,0.748,0.697,72,149534
600,81,10,False,0.710,0.793,0.745,80,180202
600,82,6,False,0.399,0.477,0.429,48,69410
600,82,7,False,0.475,0.566,0.510,56,93846
600,82,8,False,0.575,0.672,0.613,64,120618
600,82,9,False,0.601,0.690,0.636,72,148906
600,82,10,False,0.727,0.811,0.761,80,180416
600,83,6,False,0.397,0.458,0.422,48,69358
600,83,7,False,0.480,0.584,0.520,56,93918
600,83,8,False,0.594,0.669,0.624,64,120630
600,83,9,False,0.666,0.725,0.690,72,149542
600,83,10,False,0.733,0.789,0.756,80,180318
600,84,6,False,0.384,0.465,0.415,48,69376
600,84,7,False,0.492,0.579,0.526,56,93788
600,84,8,False,0.561,0.674,0.605,64,120386
600,84,9,False,0.677,0.758,0.710,72,149536
600,84,10,False,0.727,0.799,0.756,80,180188
600,85,6,False,0.386,0.440,0.407,48,69414
600,85,7,False,0.489,0.566,0.519,56,94110
600,85,8,False,0.592,0.710,0.637,64,120462
600,85,9,False,0.639,0.723,0.673,72,149226
600,85,10,False,0.738,0.814,0.769,80,180210
600,86,6,False,0.342,0.413,0.368,42,89562
600,86,7,False,0.406,0.471,0.430,49,119462
600,86,8,False,0.516,0.591,0.547,56,152906
600,86,9,False,0.582,0.642,0.607,63,188726
600,86,10,False,0.629,0.711,0.661,70,226836
600,87,6,False,0.297,0.334,0.312,42,88860
600,87,7,False,0.432,0.507,0.460,49,119828
600,87,8,False,0.469,0.601,0.518,56,153008
600,87,9,False,0.592,0.641,0.613,63,188820
600,87,10,False,0.614,0.674,0.639,70,227124
600,88,6,False,0.331,0.406,0.361,42,89198
600,88,7,False,0.377,0.443,0.402,49,119802
600,88,8,False,0.486,0.566,0.516,56,153126
600,88,9,False,0.588,0.672,0.621,63,188878
600,88,10,False,0.631,0.716,0.665,70,226634
600,89,6,False,0.293,0.368,0.322,42,89260
600,89,7,False,0.417,0.500,0.449,49,119640
600,89,8,False,0.504,0.577,0.534,56,153000
600,89,9,False,0.538,0.623,0.573,63,188834
600,89,10,False,0.617,0.690,0.646,70,227058
600,90,6,False,0.378,0.424,0.395,42,89054
600,90,7,False,0.379,0.480,0.417,49,119428
600,90,8,False,0.491,0.587,0.528,56,152946
600,90,9,False,0.543,0.625,0.576,63,189080
600,90,10,False,0.602,0.702,0.642,70,227108
600,91,6,False,0.328,0.360,0.340,42,89238
600,91,7,False,0.401,0.486,0.434,49,119676
600,91,8,False,0.518,0.609,0.554,56,153082
600,91,9,False,0.479,0.611,0.528,63,188586
600,91,10,False,0.635,0.720,0.670,70,226790
600,92,6,False,0.336,0.419,0.367,42,89390
600,92,7,False,0.432,0.508,0.460,49,119964
600,92,8,False,0.467,0.580,0.510,56,153348
600,92,9,False,0.522,0.622,0.561,63,188910
600,92,10,False,0.610,0.714,0.652,70,226874
600,93,6,False,0.341,0.423,0.372,42,89426
600,93,7,False,0.418,0.486,0.444,49,120084
600,93,8,False,0.473,0.555,0.505,56,153226
600,93,9,False,0.568,0.666,0.607,63,189214
600,93,10,False,0.643,0.718,0.673,70,226906
600,94,6,False,0.354,0.409,0.376,42,89216
600,94,7,False,0.428,0.492,0.453,49,120114
600,94,8,False,0.475,0.542,0.501,56,153030
600,94,9,False,0.573,0.626,0.595,63,188778
600,94,10,False,0.650,0.701,0.671,70,226960
600,95,6,False,0.315,0.385,0.341,42,89010
600,95,7,False,0.413,0.504,0.446,49,119372
600,95,8,False,0.503,0.578,0.533,56,153218
600,95,9,False,0.560,0.617,0.582,63,188812
600,95,10,False,0.611,0.686,0.641,70,227202
600,96,6,False,0.317,0.407,0.348,42,89324
600,96,7,False,0.413,0.493,0.445,49,120018
600,96,8,False,0.480,0.551,0.508,56,153116
600,96,9,False,0.573,0.673,0.612,63,188852
600,96,10,False,0.615,0.691,0.646,70,227114
600,97,6,False,0.366,0.412,0.384,42,89000
600,97,7,False,0.403,0.454,0.422,49,119272
600,97,8,False,0.533,0.603,0.562,56,153132
600,97,9,False,0.530,0.623,0.566,63,188814
600,97,10,False,0.596,0.660,0.622,70,226112
600,98,6,False,0.344,0.413,0.371,42,89128
600,98,7,False,0.429,0.497,0.457,49,119410
600,98,8,False,0.423,0.499,0.453,56,153512
600,98,9,False,0.546,0.609,0.571,63,188798
600,98,10,False,0.629,0.732,0.671,70,227116
600,99,6,False,0.335,0.392,0.357,42,89288
600,99,7,False,0.423,0.498,0.451,49,119460
600,99,8,False,0.436,0.528,0.471,56,152854
600,99,9,False,0.567,0.648,0.600,63,189246
600,99,10,False,0.646,0.721,0.675,70,226984
600,100,6,False,0.237,0.305,0.261,36,117940
600,100,7,False,0.340,0.391,0.358,42,157658
600,100,8,False,0.399,0.461,0.423,48,199900
600,100,9,False,0.484,0.564,0.514,54,245308
600,100,10,False,0.513,0.600,0.547,60,293052
600,101,6,False,0.213,0.253,0.228,36,118438
600,101,7,False,0.282,0.379,0.314,42,157302
600,101,8,False,0.431,0.494,0.456,48,200710
600,101,9,False,0.475,0.541,0.500,54,245324
600,101,10,False,0.526,0.599,0.554,60,293548
600,102,6,False,0.174,0.213,0.188,36,117994
600,102,7,False,0.315,0.364,0.333,42,157670
600,102,8,False,0.402,0.474,0.429,48,200440
600,102,9,False,0.448,0.524,0.477,54,245712
600,102,10,False,0.524,0.616,0.559,60,293128
600,103,6,False,0.300,0.347,0.317,36,118462
600,103,7,False,0.305,0.353,0.323,42,157532
600,103,8,False,0.366,0.430,0.389,48,200364
600,103,9,False,0.430,0.514,0.462,54,245728
600,103,10,False,0.529,0.596,0.556,60,293238
600,104,6,False,0.185,0.215,0.195,36,118218
600,104,7,False,0.304,0.399,0.341,42,157856
600,104,8,False,0.407,0.493,0.440,48,200562
600,104,9,False,0.451,0.545,0.486,54,245488
600,104,10,False,0.556,0.638,0.588,60,293354
600,105,6,False,0.231,0.300,0.256,36,118862
600,105,7,False,0.290,0.348,0.312,42,157932
600,105,8,False,0.404,0.462,0.424,48,200088
600,105,9,False,0.433,0.514,0.464,54,245584
600,105,10,False,0.547,0.611,0.573,60,293592
600,106,6,False,0.213,0.291,0.240,36,118280
600,106,7,False,0.376,0.439,0.400,42,157764
600,106,8,False,0.388,0.433,0.405,48,199870
600,106,9,False,0.465,0.533,0.491,54,245680
600,106,10,False,0.557,0.609,0.577,60,293122
600,107,6,False,0.264,0.352,0.296,36,118778
600,107,7,False,0.334,0.408,0.360,42,157490
600,107,8,False,0.424,0.499,0.454,48,199980
600,107,9,False,0.475,0.536,0.499,54,245836
600,107,10,False,0.553,0.621,0.581,60,293540
600,108,6,False,0.267,0.352,0.294,36,118530
600,108,7,False,0.297,0.396,0.333,42,157584
600,108,8,False,0.392,0.453,0.415,48,200484
600,108,9,False,0.471,0.581,0.513,54,245438
600,108,10,False,0.492,0.591,0.530,60,293232
600,109,6,False,0.239,0.364,0.282,36,118422
600,109,7,False,0.350,0.379,0.362,42,157432
600,109,8,False,0.389,0.448,0.412,48,200146
600,109,9,False,0.476,0.544,0.502,54,245488
600,109,10,False,0.490,0.566,0.521,60,293398
600,110,6,False,0.196,0.266,0.220,36,118370
600,110,7,False,0.343,0.405,0.366,42,157388
600,110,8,False,0.464,0.530,0.487,48,200530
600,110,9,False,0.457,0.531,0.486,54,245640
600,110,10,False,0.493,0.573,0.525,60,293576
600,111,6,False,0.248,0.331,0.277,36,118226
600,111,7,False,0.322,0.374,0.341,42,157628
600,111,8,False,0.352,0.421,0.377,48,200624
600,111,9,False,0.443,0.528,0.474,54,245716
600,111,10,False,0.542,0.611,0.569,60,293168
600,112,6,False,0.287,0.342,0.302,36,118064
600,112,7,False,0.351,0.419,0.375,42,157704
600,112,8,False,0.414,0.481,0.441,48,200228
600,112,9,False,0.398,0.479,0.429,54,245724
600,112,10,False,0.539,0.622,0.571,60,293438
600,113,6,False,0.271,0.323,0.291,36,118642
600,113,7,False,0.340,0.375,0.353,42,157988
600,113,8,False,0.444,0.512,0.470,48,200282
600,113,9,False,0.423,0.494,0.451,54,245380
600,113,10,False,0.570,0.644,0.600,60,293684
600,114,6,False,0.221,0.286,0.245,36,118338
600,114,7,False,0.361,0.436,0.390,42,157692
600,114,8,False,0.433,0.485,0.452,48,200362
600,114,9,False,0.485,0.535,0.504,54,245864
600,114,10,False,0.515,0.593,0.546,60,293072
600,115,6,False,0.190,0.256,0.213,36,118394
600,115,7,False,0.359,0.409,0.378,42,157730
600,115,8,False,0.415,0.506,0.450,48,200138
600,115,9,False,0.441,0.510,0.469,54,245672
600,115,10,False,0.512,0.603,0.548,60,293298
600,116,6,False,0.214,0.291,0.240,36,118274
600,116,7,False,0.338,0.402,0.363,42,157704
600,116,8,False,0.406,0.477,0.433,48,200328
600,116,9,False,0.481,0.522,0.497,54,245578
600,116,10,False,0.511,0.613,0.550,60,292986
600,117,6,False,0.231,0.297,0.255,36,118722
600,117,7,False,0.332,0.386,0.354,42,157818
600,117,8,False,0.384,0.466,0.414,48,200242
600,117,9,False,0.454,0.521,0.480,54,245552
600,117,10,False,0.498,0.585,0.533,60,293302
600,118,6,False,0.233,0.289,0.251,36,118398
600,118,7,False,0.289,0.392,0.327,42,157512
600,118,8,False,0.373,0.445,0.402,48,199558
600,118,9,False,0.438,0.507,0.465,54,245808
600,118,10,False,0.505,0.594,0.540,60,293462
600,119,6,False,0.224,0.273,0.242,36,118318
600,119,7,False,0.298,0.368,0.324,42,157646
600,119,8,False,0.426,0.485,0.449,48,200094
600,119,9,False,0.485,0.578,0.521,54,245322
600,119,10,False,0.537,0.634,0.576,60,293308
800,50,6,False,0.678,0.770,0.716,96,31216
800,51,6,False,0.661,0.762,0.701,96,31430
800,52,6,False,0.683,0.784,0.722,96,31510
800,53,6,False,0.651,0.765,0.695,96,31524
800,54,6,False,0.630,0.741,0.673,90,36050
800,55,6,False,0.622,0.727,0.663,90,36760
800,56,6,False,0.625,0.721,0.663,90,36172
800,57,6,False,0.604,0.698,0.641,90,36456
800,58,6,False,0.544,0.659,0.587,84,42300
800,59,6,False,0.518,0.632,0.562,84,41900
800,60,6,False,0.589,0.661,0.618,84,41994
800,61,6,False,0.604,0.687,0.637,84,42276
800,62,6,False,0.512,0.641,0.561,78,48992
800,62,7,False,0.644,0.736,0.681,91,66440
800,63,6,False,0.540,0.639,0.577,78,48994
800,63,7,False,0.616,0.725,0.660,91,67014
800,64,6,False,0.583,0.643,0.607,78,48784
800,64,7,False,0.617,0.716,0.656,91,67132
800,65,6,False,0.556,0.640,0.589,78,48960
800,65,7,False,0.662,0.742,0.695,91,66610
800,66,6,False,0.552,0.658,0.592,78,48674
800,66,7,False,0.623,0.718,0.660,91,66676
800,67,6,False,0.447,0.558,0.489,72,57126
800,67,7,False,0.573,0.663,0.609,84,78520
800,67,8,False,0.692,0.771,0.725,96,102174
800,68,6,False,0.527,0.604,0.558,72,57432
800,68,7,False,0.580,0.672,0.617,84,77856
800,68,8,False,0.666,0.756,0.702,96,101292
800,69,6,False,0.451,0.567,0.495,72,57326
800,69,7,False,0.593,0.684,0.629,84,78362
800,69,8,False,0.630,0.725,0.668,96,101494
800,70,6,False,0.462,0.541,0.493,72,57274
800,70,7,False,0.596,0.664,0.624,84,78156
800,70,8,False,0.688,0.775,0.723,96,101760
800,71,6,False,0.519,0.607,0.554,72,57060
800,71,7,False,0.606,0.681,0.638,84,78120
800,71,8,False,0.684,0.769,0.718,96,102278
800,72,6,False,0.458,0.554,0.496,72,57656
800,72,7,False,0.582,0.657,0.612,84,78036
800,72,8,False,0.618,0.718,0.658,96,101786
800,73,6,False,0.395,0.474,0.425,66,67930
800,73,7,False,0.592,0.664,0.621,77,92686
800,73,8,False,0.624,0.720,0.661,88,119850
800,74,6,False,0.406,0.492,0.439,66,68406
800,74,7,False,0.542,0.631,0.577,77,92870
800,74,8,False,0.668,0.742,0.698,88,120662
800,75,6,False,0.407,0.496,0.441,66,68098
800,75,7,False,0.533,0.628,0.570,77,92774
800,75,8,False,0.610,0.674,0.637,88,120266
800,76,6,False,0.388,0.459,0.415,66,68376
800,76,7,False,0.537,0.630,0.573,77,92546
800,76,8,False,0.584,0.669,0.618,88,120296
800,77,6,False,0.406,0.500,0.442,66,67898
800,77,7,False,0.536,0.640,0.577,77,92748
800,77,8,False,0.614,0.698,0.648,88,119888
800,78,6,False,0.418,0.489,0.446,66,68216
800,78,7,False,0.510,0.608,0.548,77,92182
800,78,8,False,0.601,0.675,0.631,88,119960
800,79,6,False,0.408,0.489,0.439,66,67708
800,79,7,False,0.470,0.580,0.514,77,92626
800,79,8,False,0.639,0.729,0.675,88,120030
800,80,6,False,0.393,0.449,0.416,60,81726
800,80,7,False,0.439,0.541,0.478,70,111036
800,80,8,False,0.553,0.641,0.588,80,143714
800,80,9,False,0.605,0.698,0.642,90,178606
800,81,6,False,0.376,0.443,0.401,60,81694
800,81,7,False,0.461,0.536,0.491,70,111578
800,81,8,False,0.511,0.607,0.549,80,144200
800,81,9,False,0.613,0.704,0.650,90,179496
800,82,6,False,0.406,0.488,0.438,60,81626
800,82,7,False,0.492,0.567,0.522,70,110252
800,82,8,False,0.527,0.627,0.567,80,143540
800,82,9,False,0.617,0.707,0.652,90,179554
800,83,6,False,0.380,0.443,0.404,60,81806
800,83,7,False,0.456,0.560,0.495,70,110642
800,83,8,False,0.576,0.656,0.608,80,143912
800,83,9,False,0.619,0.702,0.653,90,179290
800,84,6,False,0.396,0.454,0.420,60,81350
800,84,7,False,0.451,0.568,0.496,70,111112
800,84,8,False,0.559,0.652,0.596,80,143760
800,84,9,False,0.606,0.691,0.640,90,179210
800,85,6,False,0.400,0.477,0.429,60,82062
800,85,7,False,0.433,0.515,0.466,70,111072
800,85,8,False,0.532,0.628,0.570,80,143916
800,85,9,False,0.637,0.723,0.671,90,178852
800,86,6,False,0.419,0.495,0.448,60,81144
800,86,7,False,0.430,0.524,0.465,70,110812
800,86,8,False,0.600,0.667,0.627,80,142970
800,86,9,False,0.641,0.730,0.677,90,179290
800,87,6,False,0.392,0.475,0.424,60,81378
800,87,7,False,0.428,0.527,0.466,70,110930
800,87,8,False,0.554,0.619,0.580,80,143144
800,87,9,False,0.610,0.698,0.644,90,179482
800,88,6,False,0.425,0.491,0.451,60,81426
800,88,7,False,0.475,0.579,0.516,70,110622
800,88,8,False,0.552,0.651,0.591,80,143544
800,88,9,False,0.608,0.691,0.640,90,179506
800,89,6,False,0.344,0.421,0.374,54,99794
800,89,7,False,0.415,0.502,0.448,63,134566
800,89,8,False,0.429,0.528,0.465,72,174460
800,89,9,False,0.552,0.622,0.581,81,216876
800,89,10,False,0.587,0.669,0.621,90,262770
800,90,6,False,0.318,0.402,0.350,54,100458
800,90,7,False,0.436,0.493,0.457,63,135432
800,90,8,False,0.476,0.571,0.513,72,174036
800,90,9,False,0.550,0.654,0.590,81,216770
800,90,10,False,0.632,0.715,0.666,90,262140
800,91,6,False,0.382,0.441,0.406,54,100022
800,91,7,False,0.391,0.449,0.415,63,135546
800,91,8,False,0.474,0.556,0.506,72,174360
800,91,9,False,0.553,0.648,0.591,81,216794
800,91,10,False,0.602,0.710,0.645,90,262390
800,92,6,False,0.335,0.415,0.363,54,99804
800,92,7,False,0.396,0.464,0.423,63,135482
800,92,8,False,0.481,0.573,0.517,72,173592
800,92,9,False,0.568,0.643,0.597,81,217476
800,92,10,False,0.612,0.691,0.644,90,262972
800,93,6,False,0.295,0.351,0.318,54,100106
800,93,7,False,0.394,0.453,0.417,63,135362
800,93,8,False,0.451,0.543,0.487,72,174438
800,93,9,False,0.577,0.657,0.609,81,216942
800,93,10,False,0.628,0.708,0.661,90,262664
800,94,6,False,0.353,0.407,0.376,54,100530
800,94,7,False,0.423,0.496,0.452,63,134818
800,94,8,False,0.486,0.572,0.520,72,174292
800,94,9,False,0.526,0.606,0.558,81,217270
800,94,10,False,0.653,0.725,0.683,90,262930
800,95,6,False,0.362,0.423,0.386,54,100244
800,95,7,False,0.416,0.505,0.450,63,135334
800,95,8,False,0.455,0.550,0.492,72,174014
800,95,9,False,0.562,0.627,0.589,81,217122
800,95,10,False,0.605,0.683,0.637,90,262468
800,96,6,False,0.319,0.402,0.352,54,99678
800,96,7,False,0.398,0.470,0.427,63,135394
800,96,8,False,0.435,0.529,0.471,72,174564
800,96,9,False,0.495,0.599,0.536,81,216988
800,96,10,False,0.633,0.706,0.664,90,262674
800,97,6,False,0.310,0.386,0.340,54,99812
800,97,7,False,0.414,0.487,0.443,63,135078
800,97,8,False,0.516,0.607,0.552,72,174816
800,97,9,False,0.541,0.640,0.580,81,216686
800,97,10,False,0.598,0.697,0.637,90,261862
800,98,6,False,0.313,0.376,0.338,54,99818
800,98,7,False,0.407,0.471,0.431,63,135080
800,98,8,False,0.523,0.582,0.546,72,174326
800,98,9,False,0.564,0.638,0.593,81,216914
800,98,10,False,0.609,0.709,0.650,90,262534
800,99,6,False,0.334,0.386,0.355,54,100044
800,99,7,False,0.416,0.490,0.444,63,135398
800,99,8,False,0.486,0.569,0.517,72,174478
800,99,9,False,0.552,0.660,0.595,81,217538
800,99,10,False,0.627,0.707,0.660,90,262324
800,100,6,False,0.280,0.348,0.306,48,124770
800,100,7,False,0.337,0.384,0.356,56,167756
800,100,8,False,0.425,0.488,0.451,64,215626
800,100,9,False,0.474,0.556,0.506,72,267772
800,100,10,False,0.546,0.607,0.570,80,322884
800,101,6,False,0.227,0.280,0.246,48,124552
800,101,7,False,0.373,0.415,0.389,56,168168
800,101,8,False,0.421,0.510,0.454,64,215102
800,101,9,False,0.494,0.580,0.527,72,267488
800,101,10,False,0.558,0.654,0.595,80,322596
800,102,6,False,0.291,0.339,0.309,48,124354
800,102,7,False,0.348,0.416,0.374,56,168258
800,102,8,False,0.389,0.438,0.408,64,215610
800,102,9,False,0.453,0.537,0.485,72,267424
800,102,10,False,0.591,0.637,0.611,80,322542
800,103,6,False,0.235,0.290,0.256,48,124026
800,103,7,False,0.362,0.442,0.392,56,167724
800,103,8,False,0.433,0.497,0.459,64,215774
800,103,9,False,0.495,0.566,0.524,72,266954
800,103,10,False,0.529,0.601,0.557,80,323266
800,104,6,False,0.213,0.288,0.237,48,124856
800,104,7,False,0.350,0.433,0.382,56,167912
800,104,8,False,0.392,0.439,0.412,64,215704
800,104,9,False,0.495,0.581,0.531,72,267494
800,104,10,False,0.566,0.652,0.602,80,322288
800,105,6,False,0.215,0.269,0.235,48,124450
800,105,7,False,0.364,0.440,0.394,56,168154
800,105,8,False,0.438,0.511,0.466,64,215458
800,105,9,False,0.475,0.573,0.514,72,267540
800,105,10,False,0.583,0.647,0.609,80,322674
800,106,6,False,0.264,0.322,0.286,48,124930
800,106,7,False,0.346,0.422,0.374,56,167388
800,106,8,False,0.414,0.484,0.442,64,216036
800,106,9,False,0.519,0.592,0.547,72,267660
800,106,10,False,0.530,0.618,0.565,80,321848
800,107,6,False,0.258,0.324,0.283,48,124390
800,107,7,False,0.376,0.452,0.404,56,168184
800,107,8,False,0.418,0.484,0.444,64,215438
800,107,9,False,0.476,0.566,0.512,72,267454
800,107,10,False,0.544,0.642,0.583,80,322802
800,108,6,False,0.223,0.288,0.245,48,124584
800,108,7,False,0.379,0.427,0.398,56,167896
800,108,8,False,0.410,0.467,0.431,64,215512
800,108,9,False,0.522,0.587,0.548,72,267310
800,108,10,False,0.553,0.628,0.582,80,322654
800,109,6,False,0.292,0.341,0.310,48,124926
800,109,7,False,0.357,0.428,0.384,56,167988
800,109,8,False,0.444,0.540,0.481,64,216004
800,109,9,False,0.473,0.544,0.500,72,267818
800,109,10,False,0.532,0.620,0.567,80,323112
800,110,6,False,0.247,0.334,0.279,48,124568
800,110,7,False,0.331,0.372,0.346,56,168166
800,110,8,False,0.419,0.486,0.445,64,215400
800,110,9,False,0.441,0.531,0.475,72,267792
800,110,10,False,0.556,0.609,0.577,80,322726
800,111,6,False,0.288,0.346,0.310,48,123926
800,111,7,False,0.392,0.445,0.411,56,167974
800,111,8,False,0.412,0.495,0.444,64,215812
800,111,9,False,0.556,0.622,0.583,72,267382
800,111,10,False,0.522,0.618,0.560,80,322272
800,112,6,False,0.234,0.302,0.259,48,124348
800,112,7,False,0.338,0.392,0.359,56,168350
800,112,8,False,0.449,0.534,0.482,64,215984
800,112,9,False,0.461,0.559,0.500,72,267576
800,112,10,False,0.504,0.586,0.536,80,322208
800,113,6,False,0.221,0.327,0.258,48,124716
800,113,7,False,0.380,0.414,0.392,56,168128
800,113,8,False,0.392,0.461,0.418,64,215742
800,113,9,False,0.462,0.528,0.490,72,267616
800,113,10,False,0.549,0.647,0.588,80,322898
800,114,6,False,0.183,0.249,0.208,48,124372
800,114,7,False,0.364,0.409,0.382,56,167754
800,114,8,False,0.422,0.503,0.454,64,215854
800,114,9,False,0.478,0.546,0.505,72,267210
800,114,10,False,0.566,0.625,0.590,80,322410
800,115,6,False,0.177,0.218,0.193,42,159712
800,115,7,False,0.278,0.335,0.299,49,213750
800,115,8,False,0.350,0.374,0.358,56,274242
800,115,9,False,0.424,0.504,0.456,63,337278
800,115,10,False,0.459,0.536,0.488,70,405692
800,116,6,False,0.187,0.240,0.206,42,159402
800,116,7,False,0.299,0.377,0.327,49,214556
800,116,8,False,0.391,0.433,0.406,56,273390
800,116,9,False,0.424,0.486,0.449,63,337556
800,116,10,False,0.478,0.591,0.522,70,405558
800,117,6,False,0.189,0.239,0.207,42,160004
800,117,7,False,0.291,0.354,0.314,49,214420
800,117,8,False,0.356,0.429,0.385,56,273276
800,117,9,False,0.420,0.489,0.446,63,338164
800,117,10,False,0.467,0.542,0.498,70,404990
800,118,6,False,0.194,0.244,0.210,42,159440
800,118,7,False,0.259,0.326,0.285,49,214296
800,118,8,False,0.363,0.404,0.378,56,273722
800,118,9,False,0.393,0.458,0.419,63,338034
800,118,10,False,0.438,0.520,0.470,70,405614
800,119,6,False,0.194,0.232,0.208,42,159894
800,119,7,False,0.249,0.339,0.282,49,214064
800,119,8,False,0.378,0.434,0.399,56,273354
800,119,9,False,0.399,0.465,0.425,63,337412
800,119,10,False,0.469,0.545,0.500,70,405302
800,120,6,False,0.214,0.239,0.223,42,159876
800,120,7,False,0.323,0.368,0.340,49,214040
800,120,8,False,0.361,0.417,0.382,56,273864
800,120,9,False,0.423,0.487,0.448,63,338146
800,120,10,False,0.437,0.512,0.467,70,405466
800,121,6,False,0.225,0.260,0.237,42,160272
800,121,7,False,0.298,0.337,0.313,49,214414
800,121,8,False,0.372,0.407,0.386,56,273196
800,121,9,False,0.419,0.474,0.441,63,337818
800,121,10,False,0.462,0.548,0.495,70,405784
800,122,6,False,0.219,0.280,0.240,42,159186
800,122,7,False,0.262,0.316,0.282,49,214704
800,122,8,False,0.362,0.425,0.388,56,274388
800,122,9,False,0.408,0.462,0.429,63,337148
800,122,10,False,0.443,0.509,0.470,70,405884
800,123,6,False,0.198,0.243,0.214,42,159514
800,123,7,False,0.281,0.348,0.305,49,214188
800,123,8,False,0.381,0.415,0.393,56,273808
800,123,9,False,0.421,0.504,0.453,63,337852
800,123,10,False,0.469,0.554,0.503,70,405378
800,124,6,False,0.182,0.240,0.203,42,159956
800,124,7,False,0.315,0.376,0.339,49,214160
800,124,8,False,0.358,0.386,0.369,56,272900
800,124,9,False,0.405,0.464,0.428,63,338200
800,124,10,False,0.499,0.566,0.525,70,405606
800,125,6,False,0.194,0.245,0.212,42,159908
800,125,7,False,0.293,0.355,0.315,49,214148
800,125,8,False,0.372,0.439,0.398,56,273468
800,125,9,False,0.422,0.489,0.447,63,337980
800,125,10,False,0.467,0.566,0.504,70,405472
800,126,6,False,0.209,0.262,0.230,42,159958
800,126,7,False,0.237,0.295,0.256,49,214406
800,126,8,False,0.333,0.366,0.346,56,273702
800,126,9,False,0.407,0.467,0.431,63,337782
800,126,10,False,0.459,0.540,0.492,70,405542
800,127,6,False,0.179,0.220,0.193,42,159844
800,127,7,False,0.311,0.347,0.324,49,213836
800,127,8,False,0.393,0.452,0.415,56,273768
800,127,9,False,0.378,0.431,0.398,63,337814
800,127,10,False,0.417,0.481,0.443,70,405288
800,128,6,False,0.201,0.253,0.218,42,159726
800,128,7,False,0.263,0.314,0.279,49,214248
800,128,8,False,0.356,0.411,0.376,56,273418
800,128,9,False,0.428,0.485,0.451,63,337708
800,128,10,False,0.445,0.530,0.478,70,405460
800,129,6,False,0.173,0.216,0.185,42,159658
800,129,7,False,0.277,0.354,0.306,49,213990
800,129,8,False,0.381,0.419,0.396,56,273724
800,129,9,False,0.397,0.456,0.420,63,337782
800,129,10,False,0.442,0.538,0.479,70,405732
800,130,6,False,0.178,0.225,0.196,42,159672
800,130,7,False,0.245,0.320,0.271,49,214036
800,130,8,False,0.355,0.396,0.371,56,273606
800,130,9,False,0.426,0.513,0.458,63,337776
800,130,10,False,0.483,0.568,0.516,70,405322
800,131,6,False,0.165,0.193,0.174,42,159912
800,131,7,False,0.250,0.304,0.268,49,214176
800,131,8,False,0.409,0.456,0.428,56,273530
800,131,9,False,0.436,0.521,0.468,63,337982
800,131,10,False,0.503,0.573,0.530,70,405674
800,132,6,False,0.203,0.257,0.220,42,159960
800,132,7,False,0.349,0.372,0.357,49,214220
800,132,8,False,0.368,0.423,0.389,56,273508
800,132,9,False,0.415,0.482,0.441,63,337270
800,132,10,False,0.426,0.507,0.457,70,405166
800,133,6,False,0.196,0.257,0.219,42,159882
800,133,7,False,0.257,0.342,0.287,49,214708
800,133,8,False,0.385,0.415,0.398,56,274338
800,133,9,False,0.414,0.482,0.438,63,337510
800,133,10,False,0.428,0.504,0.457,70,405694
800,134,6,False,0.146,0.148,0.145,36,211656
800,134,7,False,0.198,0.243,0.213,42,281794
800,134,8,False,0.318,0.374,0.337,48,357548
800,134,9,False,0.346,0.382,0.358,54,438684
800,134,10,False,0.408,0.454,0.425,60,524108
800,135,6,False,0.175,0.186,0.176,36,211420
800,135,7,False,0.171,0.217,0.185,42,281196
800,135,8,False,0.279,0.322,0.294,48,357766
800,135,9,False,0.374,0.404,0.385,54,438864
800,135,10,False,0.414,0.476,0.438,60,523706
800,136,6,False,0.136,0.139,0.134,36,211272
800,136,7,False,0.197,0.225,0.205,42,281650
800,136,8,False,0.235,0.310,0.261,48,358180
800,136,9,False,0.343,0.392,0.363,54,438676
800,136,10,False,0.401,0.446,0.416,60,523984
800,137,6,False,0.175,0.196,0.181,36,212030
800,137,7,False,0.197,0.261,0.219,42,281932
800,137,8,False,0.294,0.346,0.313,48,357612
800,137,9,False,0.360,0.409,0.380,54,438714
800,137,10,False,0.343,0.411,0.369,60,523546
800,138,6,False,0.152,0.172,0.158,36,211428
800,138,7,False,0.203,0.213,0.206,42,281660
800,138,8,False,0.301,0.362,0.324,48,357564
800,138,9,False,0.352,0.405,0.372,54,438912
800,138,10,False,0.401,0.434,0.413,60,523304
800,139,6,False,0.122,0.123,0.119,36,211952
800,139,7,False,0.186,0.209,0.193,42,281548
800,139,8,False,0.252,0.289,0.267,48,357942
800,139,9,False,0.329,0.381,0.348,54,438974
800,139,10,False,0.387,0.464,0.415,60,523826
800,140,6,False,0.174,0.221,0.189,36,211468
800,140,7,False,0.174,0.236,0.195,42,281598
800,140,8,False,0.234,0.316,0.261,48,357706
800,140,9,False,0.380,0.421,0.396,54,438948
800,140,10,False,0.387,0.431,0.404,60,523690
800,141,6,False,0.167,0.182,0.169,36,211678
800,141,7,False,0.195,0.247,0.213,42,281528
800,141,8,False,0.259,0.296,0.270,48,358014
800,141,9,False,0.328,0.387,0.349,54,438662
800,141,10,False,0.424,0.468,0.441,60,523678
800,142,6,False,0.129,0.140,0.131,36,211714
800,142,7,False,0.219,0.258,0.232,42,281488
800,142,8,False,0.256,0.303,0.272,48,357654
800,142,9,False,0.353,0.411,0.376,54,438994
800,142,10,False,0.389,0.427,0.404,60,524216
800,143,6,False,0.124,0.142,0.129,36,211426
800,143,7,False,0.213,0.249,0.226,42,281320
800,143,8,False,0.264,0.319,0.283,48,357438
800,143,9,False,0.387,0.423,0.400,54,438792
800,143,10,False,0.361,0.403,0.377,60,523356
800,144,6,False,0.180,0.192,0.182,36,211428
800,144,7,False,0.222,0.263,0.235,42,281486
800,144,8,False,0.308,0.356,0.324,48,357734
800,144,9,False,0.388,0.419,0.399,54,438892
800,144,10,False,0.401,0.444,0.417,60,523822
800,145,6,False,0.153,0.158,0.152,36,211264
800,145,7,False,0.201,0.244,0.216,42,281400
800,145,8,False,0.249,0.276,0.257,48,357934
800,145,9,False,0.355,0.398,0.371,54,438578
800,145,10,False,0.422,0.459,0.436,60,524086
800,146,6,False,0.144,0.174,0.152,36,211296
800,146,7,False,0.179,0.221,0.192,42,281278
800,146,8,False,0.296,0.346,0.315,48,357662
800,146,9,False,0.306,0.359,0.325,54,438688
800,146,10,False,0.382,0.443,0.405,60,523982
800,147,6,False,0.138,0.150,0.140,36,211448
800,147,7,False,0.210,0.275,0.231,42,281460
800,147,8,False,0.305,0.366,0.327,48,357778
800,147,9,False,0.350,0.414,0.373,54,438856
800,147,10,False,0.401,0.452,0.421,60,523672
800,148,6,False,0.156,0.172,0.158,36,211160
800,148,7,False,0.174,0.215,0.186,42,281274
800,148,8,False,0.261,0.299,0.273,48,357502
800,148,9,False,0.358,0.369,0.361,54,438980
800,148,10,False,0.389,0.437,0.408,60,523816
800,149,6,False,0.161,0.182,0.167,36,211470
800,149,7,False,0.187,0.207,0.191,42,281618
800,149,8,False,0.273,0.316,0.287,48,357782
800,149,9,False,0.359,0.408,0.378,54,439170
800,149,10,False,0.385,0.426,0.401,60,523762
800,150,6,False,0.156,0.173,0.159,36,211390
800,150,7,False,0.190,0.229,0.204,42,281584
800,150,8,False,0.295,0.360,0.316,48,357702
800,150,9,False,0.359,0.406,0.376,54,439050
800,150,10,False,0.416,0.468,0.437,60,523970
800,151,6,False,0.139,0.155,0.143,36,211308
800,151,7,False,0.164,0.185,0.172,42,281084
800,151,8,False,0.267,0.329,0.289,48,357990
800,151,9,False,0.359,0.403,0.377,54,438704
800,151,10,False,0.416,0.473,0.437,60,523656
800,152,6,False,0.157,0.185,0.165,36,212046
800,152,7,False,0.194,0.212,0.197,42,282178
800,152,8,False,0.266,0.310,0.283,48,357742
800,152,9,False,0.348,0.418,0.375,54,438622
800,152,10,False,0.415,0.481,0.439,60,523772
800,153,6,False,0.158,0.159,0.156,36,211032
800,153,7,False,0.216,0.245,0.227,42,281730
800,153,8,False,0.339,0.392,0.359,48,357832
800,153,9,False,0.323,0.383,0.344,54,438762
800,153,10,False,0.409,0.448,0.425,60,523494
800,154,6,False,0.152,0.137,0.140,36,211820
800,154,7,False,0.178,0.218,0.192,42,281706
800,154,8,False,0.299,0.371,0.323,48,357794
800,154,9,False,0.363,0.422,0.384,54,438780
800,154,10,False,0.412,0.458,0.429,60,523714
800,155,6,False,0.177,0.169,0.169,36,211742
800,155,7,False,0.203,0.229,0.212,42,281286
800,155,8,False,0.267,0.317,0.287,48,357712
800,155,9,False,0.326,0.382,0.346,54,438700
800,155,10,False,0.394,0.441,0.413,60,523942
800,156,6,False,0.156,0.171,0.160,36,211732
800,156,7,False,0.190,0.240,0.207,42,281644
800,156,8,False,0.253,0.318,0.275,48,357272
800,156,9,False,0.340,0.378,0.355,54,438872
800,156,10,False,0.403,0.447,0.420,60,523660
800,157,6,False,0.178,0.196,0.183,36,211914
800,157,7,False,0.199,0.251,0.216,42,281372
800,157,8,False,0.272,0.347,0.300,48,357386
800,157,9,False,0.328,0.391,0.351,54,438608
800,157,10,False,0.379,0.416,0.393,60,523314
800,158,6,False,0.140,0.154,0.142,36,211612
800,158,7,False,0.196,0.226,0.205,42,281160
800,158,8,False,0.293,0.332,0.307,48,357824
800,158,9,False,0.385,0.417,0.397,54,438606
800,158,10,False,0.397,0.436,0.413,60,523914
800,159,6,False,0.163,0.181,0.165,36,211382
800,159,7,False,0.174,0.222,0.190,42,281554
800,159,8,False,0.254,0.335,0.284,48,357408
800,159,9,False,0.335,0.377,0.350,54,439040
800,159,10,False,0.394,0.474,0.424,60,523872
1000,63,6,False,0.552,0.649,0.590,96,50690
1000,64,6,False,0.488,0.611,0.535,96,50490
1000,65,6,False,0.550,0.635,0.584,96,50696
1000,66,6,False,0.489,0.628,0.543,96,50438
1000,67,6,False,0.458,0.576,0.504,90,58366
1000,68,6,False,0.482,0.588,0.523,90,57618
1000,69,6,False,0.465,0.564,0.502,90,57544
1000,70,6,False,0.466,0.599,0.515,90,58196
1000,71,6,False,0.465,0.560,0.501,90,57930
1000,72,6,False,0.441,0.538,0.478,84,66554
1000,73,6,False,0.435,0.534,0.473,84,66940
1000,74,6,False,0.447,0.528,0.479,84,66790
1000,75,6,False,0.446,0.546,0.485,84,67560
1000,76,6,False,0.434,0.535,0.472,84,66562
1000,77,6,False,0.408,0.473,0.434,78,77216
1000,77,7,False,0.507,0.606,0.546,91,105996
1000,78,6,False,0.417,0.489,0.446,78,77442
1000,78,7,False,0.488,0.603,0.533,91,105454
1000,79,6,False,0.418,0.511,0.454,78,77226
1000,79,7,False,0.464,0.579,0.508,91,106384
1000,80,6,False,0.415,0.478,0.440,78,77596
1000,80,7,False,0.496,0.597,0.535,91,105774
1000,81,6,False,0.395,0.458,0.421,78,77674
1000,81,7,False,0.478,0.570,0.514,91,104970
1000,82,6,False,0.393,0.463,0.421,78,77114
1000,82,7,False,0.461,0.555,0.498,91,105518
1000,83,6,False,0.407,0.476,0.434,78,77316
1000,83,7,False,0.507,0.576,0.534,91,105036
1000,84,6,False,0.370,0.421,0.390,72,90220
1000,84,7,False,0.425,0.507,0.457,84,123650
1000,84,8,False,0.569,0.648,0.602,96,161176
1000,85,6,False,0.394,0.462,0.420,72,90660
1000,85,7,False,0.422,0.522,0.460,84,123844
1000,85,8,False,0.513,0.637,0.561,96,160746
1000,86,6,False,0.377,0.442,0.401,72,90246
1000,86,7,False,0.448,0.552,0.489,84,124024
1000,86,8,False,0.570,0.664,0.608,96,160796
1000,87,6,False,0.422,0.503,0.455,72,90292
1000,87,7,False,0.425,0.514,0.460,84,123802
1000,87,8,False,0.519,0.618,0.558,96,160874
1000,88,6,False,0.383,0.440,0.405,72,90992
1000,88,7,False,0.452,0.544,0.489,84,123890
1000,88,8,False,0.540,0.616,0.570,96,161038
1000,89,6,False,0.415,0.479,0.441,72,90270
1000,89,7,False,0.435,0.534,0.473,84,123960
1000,89,8,False,0.517,0.592,0.547,96,160534
1000,90,6,False,0.390,0.459,0.417,72,89978
1000,90,7,False,0.442,0.551,0.484,84,123894
1000,90,8,False,0.502,0.612,0.545,96,161096
1000,91,6,False,0.393,0.442,0.412,66,106974
1000,91,7,False,0.408,0.480,0.435,77,146720
1000,91,8,False,0.477,0.556,0.508,88,189358
1000,92,6,False,0.339,0.405,0.365,66,106632
1000,92,7,False,0.387,0.450,0.412,77,146600
1000,92,8,False,0.553,0.618,0.579,88,189420
1000,93,6,False,0.317,0.388,0.344,66,106506
1000,93,7,False,0.406,0.478,0.434,77,145920
1000,93,8,False,0.481,0.570,0.516,88,189882
1000,94,6,False,0.338,0.394,0.361,66,107574
1000,94,7,False,0.425,0.483,0.448,77,146312
1000,94,8,False,0.444,0.529,0.477,88,189092
1000,95,6,False,0.361,0.411,0.381,66,106934
1000,95,7,False,0.459,0.565,0.500,77,145268
1000,95,8,False,0.491,0.572,0.524,88,189120
1000,96,6,False,0.363,0.429,0.389,66,107150
1000,96,7,False,0.424,0.483,0.447,77,145528
1000,96,8,False,0.492,0.570,0.523,88,189266
1000,97,6,False,0.361,0.422,0.385,66,107098
1000,97,7,False,0.420,0.499,0.451,77,145062
1000,97,8,False,0.497,0.574,0.528,88,189476
1000,98,6,False,0.312,0.395,0.343,66,107206
1000,98,7,False,0.411,0.490,0.442,77,146000
1000,98,8,False,0.474,0.567,0.511,88,188774
1000,99,6,False,0.374,0.422,0.393,66,106854
1000,99,7,False,0.421,0.487,0.445,77,146316
1000,99,8,False,0.465,0.567,0.506,88,188404
1000,100,6,False,0.251,0.310,0.274,60,128690
1000,100,7,False,0.370,0.426,0.393,70,174378
1000,100,8,False,0.417,0.495,0.447,80,225832
1000,100,9,False,0.446,0.555,0.488,90,281522
1000,101,6,False,0.283,0.371,0.316,60,128148
1000,101,7,False,0.385,0.450,0.411,70,174628
1000,101,8,False,0.437,0.516,0.467,80,225370
1000,101,9,False,0.517,0.589,0.545,90,281638
1000,102,6,False,0.228,0.306,0.256,60,128752
1000,102,7,False,0.398,0.448,0.418,70,174854
1000,102,8,False,0.411,0.473,0.435,80,225992
1000,102,9,False,0.504,0.591,0.539,90,281604
1000,103,6,False,0.269,0.372,0.308,60,128518
1000,103,7,False,0.391,0.438,0.410,70,175086
1000,103,8,False,0.422,0.509,0.455,80,225654
1000,103,9,False,0.498,0.575,0.529,90,281466
1000,104,6,False,0.229,0.309,0.259,60,128394
1000,104,7,False,0.360,0.422,0.385,70,173742
1000,104,8,False,0.436,0.520,0.468,80,225014
1000,104,9,False,0.497,0.597,0.537,90,281958
1000,105,6,False,0.301,0.361,0.323,60,128642
1000,105,7,False,0.371,0.432,0.395,70,174374
1000,105,8,False,0.429,0.501,0.458,80,225456
1000,105,9,False,0.471,0.553,0.505,90,281334
1000,106,6,False,0.317,0.375,0.339,60,128772
1000,106,7,False,0.380,0.420,0.396,70,174534
1000,106,8,False,0.432,0.501,0.460,80,225822
1000,106,9,False,0.535,0.595,0.559,90,282224
1000,107,6,False,0.226,0.306,0.256,60,128586
1000,107,7,False,0.388,0.435,0.405,70,174902
1000,107,8,False,0.428,0.510,0.461,80,226334
1000,107,9,False,0.533,0.619,0.566,90,280742
1000,108,6,False,0.311,0.370,0.332,60,127914
1000,108,7,False,0.415,0.488,0.442,70,174272
1000,108,8,False,0.423,0.508,0.455,80,225986
1000,108,9,False,0.554,0.606,0.576,90,281838
1000,109,6,False,0.285,0.375,0.318,60,129006
1000,109,7,False,0.400,0.446,0.419,70,175174
1000,109,8,False,0.454,0.544,0.488,80,225554
1000,109,9,False,0.516,0.594,0.547,90,281044
1000,110,6,False,0.262,0.314,0.282,60,128612
1000,110,7,False,0.359,0.409,0.378,70,173904
1000,110,8,False,0.436,0.518,0.467,80,225792
1000,110,9,False,0.453,0.545,0.488,90,281518
1000,111,6,False,0.277,0.330,0.297,60,128954
1000,111,7,False,0.395,0.446,0.415,70,173720
1000,111,8,False,0.420,0.482,0.445,80,225610
1000,111,9,False,0.529,0.596,0.556,90,281750
1000,112,6,False,0.184,0.245,0.206,54,156980
1000,112,7,False,0.353,0.400,0.371,63,211912
1000,112,8,False,0.385,0.453,0.412,72,273710
1000,112,9,False,0.415,0.494,0.446,81,341152
1000,112,10,False,0.510,0.589,0.541,90,412898
1000,113,6,False,0.244,0.290,0.260,54,156546
1000,113,7,False,0.323,0.379,0.345,63,212146
1000,113,8,False,0.358,0.414,0.380,72,274046
1000,113,9,False,0.423,0.493,0.451,81,341418
1000,113,10,False,0.497,0.578,0.530,90,412672
1000,114,6,False,0.226,0.289,0.249,54,157172
1000,114,7,False,0.349,0.400,0.370,63,212722
1000,114,8,False,0.390,0.449,0.414,72,273684
1000,114,9,False,0.430,0.511,0.462,81,340992
1000,114,10,False,0.474,0.539,0.501,90,412048
1000,115,6,False,0.198,0.241,0.214,54,156826
1000,115,7,False,0.342,0.370,0.354,63,212678
1000,115,8,False,0.418,0.493,0.447,72,273884
1000,115,9,False,0.425,0.491,0.451,81,341516
1000,115,10,False,0.464,0.556,0.500,90,412732
1000,116,6,False,0.188,0.252,0.210,54,156952
1000,116,7,False,0.307,0.365,0.328,63,212560
1000,116,8,False,0.395,0.443,0.413,72,273548
1000,116,9,False,0.442,0.533,0.478,81,341318
1000,116,10,False,0.500,0.594,0.539,90,412264
1000,117,6,False,0.223,0.278,0.244,54,157156
1000,117,7,False,0.304,0.391,0.337,63,212814
1000,117,8,False,0.383,0.458,0.413,72,274262
1000,117,9,False,0.434,0.522,0.468,81,341490
1000,117,10,False,0.538,0.593,0.560,90,412074
1000,118,6,False,0.233,0.270,0.246,54,157034
1000,118,7,False,0.355,0.403,0.374,63,212976
1000,118,8,False,0.398,0.444,0.416,72,273854
1000,118,9,False,0.434,0.516,0.465,81,340612
1000,118,10,False,0.544,0.603,0.568,90,412108
1000,119,6,False,0.177,0.242,0.201,54,157510
1000,119,7,False,0.305,0.359,0.326,63,212436
1000,119,8,False,0.389,0.426,0.404,72,274396
1000,119,9,False,0.417,0.504,0.451,81,340820
1000,119,10,False,0.491,0.586,0.530,90,412456
1000,120,6,False,0.218,0.275,0.238,54,157056
1000,120,7,False,0.343,0.402,0.366,63,212702
1000,120,8,False,0.426,0.491,0.452,72,273998
1000,120,9,False,0.421,0.479,0.444,81,340974
1000,120,10,False,0.469,0.543,0.498,90,411818
1000,121,6,False,0.223,0.279,0.242,54,156656
1000,121,7,False,0.287,0.389,0.325,63,212554
1000,121,8,False,0.384,0.433,0.403,72,274240
1000,121,9,False,0.440,0.524,0.473,81,340856
1000,121,10,False,0.459,0.549,0.495,90,412762
1000,122,6,False,0.226,0.281,0.244,54,157680
1000,122,7,False,0.309,0.371,0.333,63,213060
1000,122,8,False,0.398,0.450,0.418,72,273392
1000,122,9,False,0.432,0.500,0.458,81,341082
1000,122,10,False,0.482,0.555,0.510,90,413288
1000,123,6,False,0.177,0.224,0.191,54,157336
1000,123,7,False,0.304,0.382,0.335,63,212392
1000,123,8,False,0.408,0.466,0.431,72,274210
1000,123,9,False,0.424,0.493,0.450,81,340780
1000,123,10,False,0.503,0.576,0.531,90,412532
1000,124,6,False,0.239,0.306,0.263,54,157462
1000,124,7,False,0.333,0.391,0.355,63,212274
1000,124,8,False,0.398,0.444,0.416,72,274482
1000,124,9,False,0.478,0.547,0.504,81,340990
1000,124,10,False,0.456,0.526,0.484,90,412946
1000,125,6,False,0.179,0.212,0.188,48,195448
1000,125,7,False,0.217,0.275,0.238,56,263804
1000,125,8,False,0.299,0.356,0.321,64,338670
1000,125,9,False,0.385,0.455,0.411,72,419708
1000,125,10,False,0.432,0.511,0.463,80,506032
1000,126,6,False,0.169,0.197,0.178,48,195986
1000,126,7,False,0.274,0.357,0.305,56,263730
1000,126,8,False,0.301,0.333,0.312,64,338738
1000,126,9,False,0.429,0.488,0.452,72,420026
1000,126,10,False,0.426,0.486,0.450,80,505872
1000,127,6,False,0.178,0.215,0.191,48,195602
1000,127,7,False,0.271,0.345,0.298,56,263930
1000,127,8,False,0.342,0.398,0.362,64,338700
1000,127,9,False,0.394,0.443,0.413,72,419904
1000,127,10,False,0.428,0.478,0.448,80,505606
1000,128,6,False,0.174,0.194,0.181,48,195490
1000,128,7,False,0.221,0.289,0.247,56,264026
1000,128,8,False,0.369,0.409,0.385,64,338548
1000,128,9,False,0.389,0.445,0.411,72,419762
1000,128,10,False,0.414,0.474,0.435,80,505484
1000,129,6,False,0.167,0.202,0.180,48,195862
1000,129,7,False,0.218,0.263,0.235,56,263050
1000,129,8,False,0.371,0.410,0.385,64,338728
1000,129,9,False,0.433,0.469,0.447,72,419582
1000,129,10,False,0.448,0.527,0.479,80,505888
1000,130,6,False,0.174,0.206,0.185,48,194988
1000,130,7,False,0.251,0.307,0.272,56,263876
1000,130,8,False,0.348,0.399,0.367,64,338556
1000,130,9,False,0.385,0.424,0.401,72,419878
1000,130,10,False,0.445,0.512,0.472,80,506168
1000,131,6,False,0.156,0.189,0.167,48,195564
1000,131,7,False,0.281,0.314,0.294,56,263852
1000,131,8,False,0.331,0.389,0.353,64,338366
1000,131,9,False,0.397,0.438,0.412,72,419968
1000,131,10,False,0.433,0.489,0.453,80,505490
1000,132,6,False,0.163,0.189,0.172,48,195718
1000,132,7,False,0.230,0.277,0.247,56,263588
1000,132,8,False,0.329,0.363,0.342,64,339208
1000,132,9,False,0.392,0.425,0.404,72,419856
1000,132,10,False,0.429,0.488,0.451,80,505830
1000,133,6,False,0.187,0.244,0.207,48,195610
1000,133,7,False,0.224,0.275,0.242,56,263774
1000,133,8,False,0.356,0.408,0.376,64,337508
1000,133,9,False,0.396,0.442,0.414,72,419658
1000,133,10,False,0.429,0.491,0.454,80,505870
1000,134,6,False,0.191,0.233,0.204,48,196028
1000,134,7,False,0.296,0.352,0.317,56,264166
1000,134,8,False,0.328,0.381,0.350,64,338684
1000,134,9,False,0.356,0.398,0.372,72,419388
1000,134,10,False,0.452,0.508,0.474,80,505608
1000,135,6,False,0.169,0.205,0.182,48,195164
1000,135,7,False,0.334,0.368,0.346,56,264016
1000,135,8,False,0.311,0.375,0.335,64,338074
1000,135,9,False,0.416,0.472,0.439,72,419870
1000,135,10,False,0.431,0.507,0.461,80,505560
1000,136,6,False,0.189,0.224,0.201,48,196084
1000,136,7,False,0.248,0.311,0.271,56,263482
1000,136,8,False,0.332,0.398,0.358,64,338594
1000,136,9,False,0.389,0.437,0.408,72,418744
1000,136,10,False,0.429,0.494,0.454,80,506290
1000,137,6,False,0.179,0.219,0.193,48,195496
1000,137,7,False,0.256,0.314,0.277,56,264088
1000,137,8,False,0.341,0.395,0.362,64,338748
1000,137,9,False,0.394,0.437,0.411,72,419126
1000,137,10,False,0.434,0.514,0.466,80,506950
1000,138,6,False,0.176,0.234,0.197,48,195674
1000,138,7,False,0.240,0.324,0.268,56,263686
1000,138,8,False,0.291,0.349,0.313,64,339110
1000,138,9,False,0.389,0.474,0.421,72,419964
1000,138,10,False,0.431,0.499,0.458,80,505550
1000,139,6,False,0.172,0.210,0.184,48,196016
1000,139,7,False,0.217,0.290,0.243,56,263472
1000,139,8,False,0.340,0.385,0.357,64,338332
1000,139,9,False,0.410,0.458,0.429,72,418930
1000,139,10,False,0.424,0.497,0.450,80,506034
1000,140,6,False,0.197,0.253,0.215,48,195430
1000,140,7,False,0.230,0.289,0.249,56,263780
1000,140,8,False,0.380,0.414,0.392,64,338692
1000,140,9,False,0.399,0.450,0.419,72,419492
1000,140,10,False,0.462,0.520,0.485,80,505672
1000,141,6,False,0.161,0.207,0.176,48,194766
1000,141,7,False,0.234,0.323,0.266,56,263836
1000,141,8,False,0.372,0.409,0.385,64,338400
1000,141,9,False,0.406,0.467,0.430,72,420234
1000,141,10,False,0.415,0.483,0.440,80,506288
1000,142,6,False,0.158,0.174,0.163,48,195672
1000,142,7,False,0.227,0.303,0.254,56,263726
1000,142,8,False,0.368,0.409,0.383,64,338210
1000,142,9,False,0.356,0.423,0.382,72,419376
1000,142,10,False,0.419,0.470,0.440,80,506206
1000,143,6,False,0.153,0.152,0.151,42,250588
1000,143,7,False,0.174,0.214,0.185,49,335776
1000,143,8,False,0.250,0.320,0.276,56,429516
1000,143,9,False,0.362,0.418,0.383,63,529458
1000,143,10,False,0.404,0.449,0.421,70,635388
1000,144,6,False,0.142,0.162,0.148,42,250466
1000,144,7,False,0.173,0.197,0.180,49,335832
1000,144,8,False,0.244,0.323,0.272,56,429110
1000,144,9,False,0.375,0.418,0.391,63,529324
1000,144,10,False,0.365,0.421,0.386,70,635648
1000,145,6,False,0.145,0.178,0.156,42,250186
1000,145,7,False,0.219,0.250,0.227,49,335692
1000,145,8,False,0.231,0.297,0.255,56,429248
1000,145,9,False,0.361,0.393,0.373,63,528770
1000,145,10,False,0.404,0.439,0.418,70,635344
1000,146,6,False,0.149,0.156,0.150,42,250226
1000,146,7,False,0.195,0.207,0.197,49,335804
1000,146,8,False,0.266,0.303,0.279,56,428786
1000,146,9,False,0.387,0.419,0.398,63,529248
1000,146,10,False,0.390,0.430,0.404,70,635216
1000,147,6,False,0.139,0.143,0.140,42,250574
1000,147,7,False,0.202,0.252,0.219,49,334924
1000,147,8,False,0.221,0.262,0.235,56,428578
1000,147,9,False,0.348,0.384,0.362,63,529406
1000,147,10,False,0.401,0.444,0.417,70,635896
1000,148,6,False,0.188,0.187,0.184,42,250274
1000,148,7,False,0.164,0.188,0.171,49,335742
1000,148,8,False,0.218,0.256,0.233,56,429050
1000,148,9,False,0.378,0.400,0.386,63,528666
1000,148,10,False,0.382,0.418,0.396,70,634884
1000,149,6,False,0.163,0.182,0.167,42,250140
1000,149,7,False,0.156,0.187,0.165,49,335296
1000,149,8,False,0.224,0.285,0.245,56,429098
1000,149,9,False,0.296,0.335,0.311,63,528560
1000,149,10,False,0.391,0.425,0.404,70,634846
1000,150,6,False,0.147,0.167,0.153,42,249640
1000,150,7,False,0.175,0.196,0.181,49,335760
1000,150,8,False,0.288,0.320,0.299,56,428996
1000,150,9,False,0.341,0.395,0.362,63,529660
1000,150,10,False,0.370,0.445,0.398,70,634448
1000,151,6,False,0.166,0.187,0.171,42,249882
1000,151,7,False,0.206,0.241,0.216,49,335118
1000,151,8,False,0.266,0.307,0.281,56,429246
1000,151,9,False,0.375,0.420,0.390,63,527956
1000,151,10,False,0.346,0.395,0.365,70,634856
1000,152,6,False,0.159,0.175,0.164,42,250272
1000,152,7,False,0.188,0.237,0.204,49,335456
1000,152,8,False,0.258,0.308,0.275,56,428752
1000,152,9,False,0.323,0.368,0.341,63,528912
1000,152,10,False,0.402,0.449,0.421,70,635148
1000,153,6,False,0.165,0.181,0.167,42,250064
1000,153,7,False,0.215,0.253,0.228,49,335824
1000,153,8,False,0.274,0.321,0.291,56,428952
1000,153,9,False,0.348,0.389,0.364,63,529308
1000,153,10,False,0.405,0.435,0.416,70,634830
1000,154,6,False,0.151,0.164,0.153,42,250192
1000,154,7,False,0.202,0.235,0.212,49,335198
1000,154,8,False,0.291,0.329,0.304,56,428490
1000,154,9,False,0.291,0.340,0.308,63,529640
1000,154,10,False,0.394,0.430,0.408,70,635782
1000,155,6,False,0.154,0.154,0.152,42,250038
1000,155,7,False,0.247,0.284,0.260,49,335002
1000,155,8,False,0.240,0.322,0.271,56,428296
1000,155,9,False,0.309,0.374,0.333,63,528906
1000,155,10,False,0.426,0.474,0.445,70,635694
1000,156,6,False,0.132,0.150,0.138,42,250266
1000,156,7,False,0.172,0.195,0.179,49,335822
1000,156,8,False,0.217,0.266,0.234,56,428640
1000,156,9,False,0.313,0.385,0.341,63,528914
1000,156,10,False,0.400,0.433,0.411,70,634794
1000,157,6,False,0.131,0.145,0.134,42,250250
1000,157,7,False,0.174,0.197,0.180,49,335384
1000,157,8,False,0.235,0.291,0.255,56,428696
1000,157,9,False,0.334,0.374,0.350,63,529734
1000,157,10,False,0.392,0.443,0.411,70,635692
1000,158,6,False,0.170,0.192,0.175,42,250424
1000,158,7,False,0.207,0.261,0.224,49,335454
1000,158,8,False,0.246,0.298,0.264,56,429040
1000,158,9,False,0.335,0.376,0.348,63,528624
1000,158,10,False,0.411,0.467,0.432,70,634996
1000,159,6,False,0.149,0.159,0.150,42,250804
1000,159,7,False,0.186,0.224,0.197,49,335276
1000,159,8,False,0.250,0.293,0.264,56,428932
1000,159,9,False,0.366,0.422,0.385,63,528876
1000,159,10,False,0.400,0.432,0.410,70,635352
1000,160,6,False,0.131,0.130,0.128,42,250916
1000,160,7,False,0.204,0.236,0.214,49,335872
1000,160,8,False,0.232,0.279,0.249,56,428378
1000,160,9,False,0.292,0.357,0.317,63,529306
1000,160,10,False,0.388,0.470,0.419,70,635846
1000,161,6,False,0.170,0.171,0.167,42,250566
1000,161,7,False,0.165,0.189,0.172,49,335944
1000,161,8,False,0.261,0.307,0.277,56,428934
1000,161,9,False,0.322,0.390,0.348,63,528206
1000,161,10,False,0.391,0.430,0.406,70,635068
1000,162,6,False,0.140,0.143,0.139,42,250418
1000,162,7,False,0.177,0.196,0.184,49,335840
1000,162,8,False,0.281,0.325,0.298,56,428236
1000,162,9,False,0.366,0.398,0.378,63,529062
1000,162,10,False,0.391,0.442,0.410,70,634886
1000,163,6,False,0.141,0.152,0.142,42,250458
1000,163,7,False,0.210,0.255,0.224,49,335998
1000,163,8,False,0.264,0.309,0.279,56,429350
1000,163,9,False,0.355,0.387,0.368,63,528648
1000,163,10,False,0.413,0.441,0.424,70,634536
1000,164,6,False,0.143,0.147,0.140,42,250494
1000,164,7,False,0.168,0.208,0.182,49,335270
1000,164,8,False,0.276,0.334,0.297,56,428978
1000,164,9,False,0.370,0.401,0.382,63,529008
1000,164,10,False,0.398,0.440,0.414,70,635228
1000,165,6,False,0.144,0.143,0.141,42,249912
1000,165,7,False,0.191,0.235,0.207,49,335232
1000,165,8,False,0.244,0.290,0.261,56,429344
1000,165,9,False,0.327,0.381,0.348,63,528776
1000,165,10,False,0.397,0.429,0.410,70,634834
1000,166,6,False,0.137,0.139,0.134,42,250288
1000,166,7,False,0.222,0.260,0.235,49,336026
1000,166,8,False,0.227,0.295,0.250,56,429146
1000,166,9,False,0.300,0.361,0.322,63,529006
1000,166,10,False,0.405,0.459,0.427,70,634840
1000,167,6,False,0.124,0.099,0.108,36,331310
1000,167,7,False,0.140,0.147,0.142,42,441024
1000,167,8,False,0.161,0.192,0.171,48,560504
1000,167,9,False,0.309,0.336,0.318,54,686404
1000,167,10,False,0.317,0.378,0.340,60,820102
1000,168,6,False,0.139,0.123,0.125,36,331254
1000,168,7,False,0.158,0.171,0.160,42,441212
1000,168,8,False,0.220,0.257,0.229,48,560626
1000,168,9,False,0.228,0.276,0.244,54,687068
1000,168,10,False,0.279,0.318,0.294,60,820648
1000,169,6,False,0.127,0.135,0.126,36,331138
1000,169,7,False,0.159,0.155,0.151,42,440864
1000,169,8,False,0.180,0.217,0.192,48,560662
1000,169,9,False,0.218,0.238,0.226,54,687208
1000,169,10,False,0.351,0.382,0.363,60,820700
1000,170,6,False,0.102,0.089,0.093,36,331290
1000,170,7,False,0.151,0.157,0.150,42,441192
1000,170,8,False,0.190,0.196,0.190,48,560706
1000,170,9,False,0.251,0.297,0.266,54,687204
1000,170,10,False,0.298,0.353,0.319,60,820726
1000,171,6,False,0.104,0.099,0.099,36,331476
1000,171,7,False,0.149,0.153,0.149,42,441016
1000,171,8,False,0.210,0.237,0.218,48,559852
1000,171,9,False,0.224,0.283,0.244,54,687152
1000,171,10,False,0.305,0.347,0.320,60,820144
1000,172,6,False,0.118,0.107,0.110,36,331378
1000,172,7,False,0.161,0.164,0.157,42,441432
1000,172,8,False,0.178,0.193,0.183,48,560340
1000,172,9,False,0.257,0.301,0.273,54,687326
1000,172,10,False,0.268,0.345,0.294,60,820270
1000,173,6,False,0.133,0.127,0.126,36,331590
1000,173,7,False,0.132,0.132,0.131,42,440862
1000,173,8,False,0.179,0.197,0.182,48,560082
1000,173,9,False,0.227,0.280,0.246,54,687086
1000,173,10,False,0.335,0.373,0.346,60,820784
1000,174,6,False,0.126,0.111,0.116,36,331586
1000,174,7,False,0.134,0.156,0.138,42,441114
1000,174,8,False,0.169,0.206,0.181,48,560672
1000,174,9,False,0.290,0.338,0.307,54,687170
1000,174,10,False,0.299,0.347,0.316,60,820598
1000,175,6,False,0.114,0.116,0.112,36,331650
1000,175,7,False,0.166,0.166,0.163,42,440892
1000,175,8,False,0.225,0.262,0.237,48,560028
1000,175,9,False,0.231,0.298,0.255,54,686854
1000,175,10,False,0.355,0.397,0.370,60,820192
1000,176,6,False,0.120,0.114,0.114,36,330516
1000,176,7,False,0.169,0.174,0.169,42,440940
1000,176,8,False,0.150,0.154,0.151,48,560222
1000,176,9,False,0.255,0.295,0.268,54,687642
1000,176,10,False,0.213,0.267,0.233,60,820104
1000,177,6,False,0.115,0.114,0.111,36,331194
1000,177,7,False,0.152,0.147,0.147,42,440732
1000,177,8,False,0.199,0.229,0.208,48,560050
1000,177,9,False,0.187,0.210,0.194,54,686878
1000,177,10,False,0.319,0.358,0.332,60,819808
1000,178,6,False,0.127,0.126,0.123,36,331310
1000,178,7,False,0.154,0.147,0.148,42,441022
1000,178,8,False,0.190,0.213,0.196,48,559680
1000,178,9,False,0.221,0.280,0.241,54,687050
1000,178,10,False,0.313,0.376,0.337,60,820498
1000,179,6,False,0.118,0.117,0.114,36,331098
1000,179,7,False,0.129,0.134,0.128,42,441138
1000,179,8,False,0.169,0.177,0.170,48,560100
1000,179,9,False,0.224,0.260,0.235,54,686948
1000,179,10,False,0.320,0.366,0.337,60,820104
1000,180,6,False,0.117,0.099,0.105,36,331048
1000,180,7,False,0.157,0.174,0.161,42,441200
1000,180,8,False,0.171,0.189,0.175,48,560194
1000,180,9,False,0.223,0.264,0.235,54,687736
1000,180,10,False,0.278,0.330,0.296,60,820096
1000,181,6,False,0.109,0.100,0.101,36,330868
1000,181,7,False,0.132,0.153,0.138,42,440384
1000,181,8,False,0.197,0.220,0.204,48,560534
1000,181,9,False,0.205,0.215,0.206,54,686870
1000,181,10,False,0.295,0.341,0.310,60,819956
1000,182,6,False,0.121,0.115,0.115,36,331382
1000,182,7,False,0.160,0.154,0.152,42,441258
1000,182,8,False,0.187,0.235,0.200,48,560852
1000,182,9,False,0.258,0.302,0.272,54,687776
1000,182,10,False,0.294,0.326,0.305,60,820360
1000,183,6,False,0.109,0.102,0.103,36,330792
1000,183,7,False,0.137,0.142,0.135,42,441014
1000,183,8,False,0.208,0.235,0.218,48,559944
1000,183,9,False,0.243,0.318,0.268,54,687776
1000,183,10,False,0.241,0.306,0.263,60,820298
1000,184,6,False,0.137,0.143,0.136,36,331408
1000,184,7,False,0.164,0.178,0.165,42,440696
1000,184,8,False,0.179,0.211,0.190,48,560386
1000,184,9,False,0.237,0.275,0.250,54,686688
1000,184,10,False,0.355,0.398,0.372,60,819874
1000,185,6,False,0.112,0.102,0.105,36,331040
1000,185,7,False,0.135,0.146,0.137,42,441092
1000,185,8,False,0.183,0.220,0.196,48,560406
1000,185,9,False,0.223,0.260,0.235,54,686846
1000,185,10,False,0.280,0.333,0.299,60,819468
1000,186,6,False,0.123,0.120,0.120,36,331312
1000,186,7,False,0.135,0.112,0.120,42,440988
1000,186,8,False,0.174,0.213,0.186,48,560204
1000,186,9,False,0.243,0.283,0.257,54,686810
1000,186,10,False,0.297,0.330,0.308,60,820384
1000,187,6,False,0.119,0.107,0.110,36,331328
1000,187,7,False,0.132,0.130,0.129,42,441006
1000,187,8,False,0.179,0.187,0.178,48,560464
1000,187,9,False,0.223,0.282,0.242,54,687168
1000,187,10,False,0.313,0.353,0.327,60,820578
1000,188,6,False,0.121,0.115,0.116,36,331486
1000,188,7,False,0.143,0.134,0.136,42,440738
1000,188,8,False,0.193,0.215,0.200,48,560026
1000,188,9,False,0.204,0.214,0.205,54,687006
1000,188,10,False,0.316,0.351,0.329,60,819900
1000,189,6,False,0.143,0.141,0.140,36,330988
1000,189,7,False,0.166,0.179,0.168,42,441554
1000,189,8,False,0.193,0.232,0.206,48,559998
1000,189,9,False,0.194,0.247,0.212,54,687078
1000,189,10,False,0.265,0.335,0.291,60,820622
1000,190,6,False,0.132,0.122,0.124,36,331518
1000,190,7,False,0.174,0.195,0.180,42,440976
1000,190,8,False,0.184,0.198,0.189,48,559550
1000,190,9,False,0.223,0.261,0.236,54,687024
1000,190,10,False,0.278,0.316,0.289,60,820556
1000,191,6,False,0.099,0.094,0.094,36,331422
1000,191,7,False,0.147,0.147,0.142,42,440976
1000,191,8,False,0.210,0.250,0.222,48,559854
1000,191,9,False,0.221,0.265,0.237,54,687408
1000,191,10,False,0.334,0.365,0.344,60,820234
1000,192,6,False,0.133,0.133,0.129,36,331440
1000,192,7,False,0.140,0.139,0.136,42,441586
1000,192,8,False,0.198,0.214,0.202,48,560344
1000,192,9,False,0.247,0.283,0.258,54,687314
1000,192,10,False,0.305,0.357,0.323,60,820244
1000,193,6,False,0.123,0.112,0.115,36,330892
1000,193,7,False,0.157,0.188,0.166,42,441220
1000,193,8,False,0.173,0.202,0.182,48,559614
1000,193,9,False,0.197,0.243,0.211,54,686382
1000,193,10,False,0.303,0.362,0.323,60,821158
1000,194,6,False,0.130,0.143,0.132,36,331686
1000,194,7,False,0.161,0.159,0.155,42,441278
1000,194,8,False,0.139,0.166,0.146,48,561108
1000,194,9,False,0.217,0.259,0.231,54,686738
1000,194,10,False,0.224,0.287,0.244,60,820450
1000,195,6,False,0.129,0.119,0.122,36,331816
1000,195,7,False,0.186,0.190,0.185,42,440246
1000,195,8,False,0.159,0.176,0.163,48,560124
1000,195,9,False,0.249,0.318,0.273,54,687206
1000,195,10,False,0.323,0.364,0.336,60,820382
1000,196,6,False,0.125,0.126,0.122,36,331016
1000,196,7,False,0.146,0.148,0.145,42,441536
1000,196,8,False,0.183,0.206,0.189,48,559356
1000,196,9,False,0.230,0.269,0.242,54,686864
1000,196,10,False,0.245,0.340,0.277,60,820150
1000,197,6,False,0.128,0.129,0.125,36,330768
1000,197,7,False,0.143,0.139,0.138,42,440614
1000,197,8,False,0.180,0.200,0.185,48,560070
1000,197,9,False,0.234,0.282,0.250,54,686740
1000,197,10,False,0.297,0.361,0.319,60,820150
1000,198,6,False,0.131,0.123,0.124,36,331388
1000,198,7,False,0.157,0.156,0.155,42,441376
1000,198,8,False,0.170,0.196,0.178,48,560392
1000,198,9,False,0.238,0.278,0.252,54,686736
1000,198,10,False,0.350,0.389,0.365,60,820080
1000,199,6,False,0.127,0.111,0.116,36,331486
1000,199,7,False,0.158,0.152,0.154,42,440904
1000,199,8,False,0.180,0.203,0.186,48,560080
1000,199,9,False,0.231,0.265,0.244,54,687188
1000,199,10,False,0.304,0.347,0.320,60,819720
